a_w,T_10,T_15,T_20,T_25,T_30,T_35,T_40,T_45,T_50,T_55,T_60
0,10,15,20,25,30,35,40,45,50,55,60
0,0,0,0,0,0,0,0,0,0,0,0
0.002,9.44121462261969,9.16738120954936,8.88110548697751,8.584413930264,8.27949260710743,7.96861846257272,7.65409032250448,7.33816364039733,7.0229923641942,6.71058040428115,6.40274417803965
0.004,10.4819445313375,10.3116902307876,10.1288435091739,9.93388524122733,9.72747284258483,9.51042888460805,9.28372433161806,9.04845713451565,8.80582717466985,8.55710873546458,8.30362177159147
0.006,10.8950439156436,10.7723484810875,10.6391801409015,10.4955715773327,10.3416738307679,10.1777576129975,10.0042115174123,9.82153711217897,9.63034104739168,9.43132444747335,9.22526998521503
0.008,11.1244179525994,11.0286733257604,10.924164877248,10.8107694558702,10.6884448892999,10.5572340135069,10.4172669330483,10.268761380232,10.1120211115049,9.94743235569973,9.77545840639276
0.01,11.2752603556836,11.1968276199636,11.1109085621546,11.017321188268,10.9159415166971,10.8067079320852,10.689624469006,10.5647628946322,10.4322634952701,10.2923345133629,10.1452502272899
0.012,11.3853578968212,11.3189793755926,11.2460831435304,11.1664662521478,11.0799690328762,10.986479160952,10.8859350332129,10.7783283502946,10.6637058129572,10.5421698661609,10.4138784521437
0.014,11.4716275437026,11.4141260232443,11.3508599965426,11.2816219016819,11.2062375465044,11.1245697510488,11.0365215279549,10.9420387123923,10.8411119640104,10.7337780777613,10.6201205578048
0.016,11.5427766838004,11.4920871892901,11.4362332484663,11.3750100975371,11.3082393943567,11.2357724478573,11.1574931233262,11.0733203522613,10.9832101820508,10.8871573097354,10.7851960554401
0.018,11.6037444470091,11.5584499126281,11.5084791878632,11.4536336769109,11.3937361622275,11.3286336670132,11.2582000823257,11.1823385009158,11.1009832039048,11.0141012523124,10.9216936431042
0.02,11.6575412687645,11.6166274023959,11.5714418560534,11.5217936301801,11.4675093349378,11.4084357372003,11.3444421315735,11.2754224878344,11.2012973297614,11.122015304309,11.0375544054368
0.022,11.7061066786752,11.6688226614093,11.6276072839222,11.5822776039321,11.5326654033306,11.4786194666965,11.4200077248791,11.356719224025,11.2886658821274,11.215783997957,11.1380354810898
0.024,11.7507466826804,11.7165212639321,11.6786545970088,11.6369717694639,11.5913103372415,11.5415223749275,11.4874764202265,11.429059279283,11.3661776606298,11.2987596075471,11.2267557014664
0.026,11.792372969839,11.7607614842034,11.7257588906769,11.6871980360751,11.6449224404225,11.5987881525047,11.5486655208571,11.4944408517541,11.4360179265821,11.3733193524617,11.3062877221427
0.028,11.8316413458583,11.8022909214771,11.7697672097168,11.7339104323479,11.6945700334664,11.6516063681262,11.6048923221629,11.554314838735,11.4997763277051,11.4411959351134,11.3785106516652
0.03,11.869035673386,11.8416616210119,11.8113056102169,11.7778148090375,11.7410444192544,11.7008592210791,11.6571350609495,11.6097602611735,11.5586369306065,11.5036821564352,11.4448290584605
0.032,11.9049208042403,11.8792901370856,11.8508468624891,11.8194446589121,11.7849442531782,11.7472148402712,11.7061354554037,11.6615962797284,11.6134998614128,11.5617622345074,11.5063139191091
0.034,11.9395770921978,11.9154967401865,11.8887547014761,11.8592107415799,11.8267308487519,11.7911885447774,11.7524661551825,11.7104560224102,11.6650616458005,11.6161987327895,11.5637961466304
0.036,11.9732235543231,11.9505317549756,11.9253135853457,11.8974344969113,11.8667654655406,11.8331842065884,11.7965763550575,11.7568365961965,11.7138697321459,11.6675916707326,11.6179303232596
0.038,12.0060338102997,11.9845937015819,11.9607492127025,11.9343711066158,11.9053350749097,11.8735228684319,11.8388233974959,11.8011337885742,11.7603603845952,11.716419676383,11.6692391534117
0.04,12.0381472972098,12.0178420695296,11.9952429818328,11.9702257618995,11.9426705539717,11.9124629744299,11.8794951406988,11.8436666615935,11.8048855775083,11.7630692392214,11.7181451146334
0.042,12.0696773166511,12.0504064899205,12.0289423809181,12.0051653629863,11.9789597825139,11.9502149477874,11.9188260940488,11.8846953140895,11.8477324438865,11.8078558931181,11.764993410876
0.044,12.1007169111054,12.082393437507,12.0619685853007,12.0393270801764,12.0143572345104,11.9869518763632,11.9570092571355,11.9244339281752,11.8891375767995,11.8510398124895,11.8100688944493
0.046,12.1313432233344,12.1138912054014,12.094422100133,12.0728247166389,12.0489911120812,12.0228174668337,11.9942049403359,11.9630604987691,11.9292977058526,11.8928374683212,11.853608728042
0.048,12.1616207768332,12.1449736504387,12.1263870109885,12.1057535044546,12.0829687264415,12.0579320487265,12.0305474281945,12.0007241900319,11.9683777771992,11.9334304584556,11.8958119875622
0.05,12.191603976543,12.1757030496021,12.1579342272653,12.1381937662569,12.1163806086294,12.0923971642313,12.0661500770041,12.0375509676158,12.0065171450884,11.9729722803191,11.9368470347144
0.052,12.2213390378192,12.2061323042981,12.1891239862487,12.1702137436421,12.1493036865945,12.1262991177445,12.1011092596777,12.0736479604709,12.0438343705801,12.0115935845232,11.9768572411066
0.054,12.2508654905625,12.2363066598231,12.2200078072629,12.2018718054765,12.181803767021,12.1597117502066,12.1355074509731,12.1091068744277,12.0804309797704,12.0494062925487,12.0159654784625
0.056,12.2802173638156,12.2662650600267,12.2506300318324,12.2332181891238,12.2139374931502,12.1926986288181,12.1694156639664,12.144006689643,12.1163944355575,12.0865068550885,12.05427767449
0.058,12.3094241273118,12.2960412243879,12.2810290486886,12.264296385928,12.2457539032917,12.2253147909877,12.2028953915425,12.1784158112697,12.1518005084864,12.1229788532491,12.0918856536323
0.06,12.3385114462361,12.3256645116756,12.3112382763791,12.2951442529579,12.2772956819191,12.2576081449112,12.2360001663809,12.2123937984318,12.1867151838192,12.1588950922066,12.1288694250498
0.062,12.3675017910465,12.3551606179556,12.3412869576556,12.3257949121018,12.3086001718452,12.2896206031538,12.2687768241272,12.2459927649198,12.2211962073326,12.1943192992196,12.1652990393813
0.064,12.3964149338255,12.3845521448644,12.371200806403,12.3562774825034,12.3397001990675,12.3213890067902,12.3012665336142,12.2792585220973,12.255294347248,12.2293075105627,12.2012361062177
0.066,12.4252683550546,12.413859065441,12.4010025380904,12.3866176813023,12.370624749526,12.3529458839033,12.33350564276,12.3122315177264,12.2890544313076,12.2639092119042,12.2367350424854
0.068,12.4540775791237,12.4430991084337,12.4307123074983,12.4168383195037,12.4013995278913,12.3843200760761,12.3655263775075,12.3449476119993,12.3225162043931,12.2981682817935,12.2718441058126
0.07,12.4828564527318,12.4722880772595,12.460348072101,12.4469597137347,12.4320474217008,12.4155372589281,12.3973574227547,12.3774387227892,12.3557150419033,12.3321237768107,12.3066062548833
0.072,12.5116173772079,12.5014401162229,12.4899258954299,12.4770000300774,12.4625888890352,12.4466203770303,12.4290244078883,12.4097333651307,12.3886825464246,12.3658105885393,12.3410598696559
0.074,12.5403715034141,12.5305679338998,12.5194602016773,12.5069755727027,12.4930422840409,12.4775900091941,12.460550314712,12.4418571046244,12.4214470493798,12.3992599961288,12.3752393573772
0.076,12.569128896081,12.5596829915177,12.5489639904474,12.5369010273778,12.523424131623,12.5084646768023,12.491955821867,12.4738329403735,12.454034034856,12.4325001333105,12.4091756649758
0.078,12.5978986730254,12.5887956625712,12.5784490187476,12.5667896678695,12.5537493603361,12.539261105284,12.5232595969913,12.5056816299102,12.4864664993434,12.4655563849311,12.4428967142873
0.08,12.6266891236237,12.6179153686721,12.6079259559102,12.5966535316798,12.5840315007119,12.5699944468364,12.554478545642,12.5374219661143,12.5187652584143,12.4984517251102,12.4764277733411
0.082,12.6555078100579,12.6470506956632,12.6374045160283,12.6265035703019,12.6142828548673,12.6006784709354,12.5856280242685,12.5690710142013,12.5509492092576,12.5312070068127,12.5097917744063
0.084,12.6843616541923,12.6762094932655,12.6668935716265,12.6563497782076,12.6445146421306,12.6313257279438,12.6167220231532,12.6006443153424,12.5830355563088,12.5638412107883,12.5430095874984
0.086,12.7132570124049,12.7053989609199,12.6964012515979,12.6862013039989,12.6747371245542,12.6619476901495,12.6477733241487,12.6321560622743,12.6150400058913,12.5963716603828,12.5761002564592
0.088,12.7421997402814,12.7346257220078,12.7259350258933,12.7160665465376,12.7049597154821,12.6925548737855,12.6787936371739,12.663619251294,12.6469769347263,12.6288142075571,12.6090812034543
0.09,12.7711952487386,12.7638958882468,12.7555017790086,12.7459532383727,12.7351910737861,12.7231569449603,12.7097937187339,12.695045814265,12.6788595363147,12.6611833945216,12.6419684067103
0.092,12.8002485528758,12.7932151157474,12.7851078739626,12.7758685183803,12.7654391859298,12.753762811922,12.7407834751683,12.7264467336374,12.710699948512,12.6934925946363,12.6747765554928
0.094,12.8293643146321,12.8225886539658,12.8147592081739,12.805818995214,12.7957114376596,12.7843807056717,12.771772052877,12.7578321429794,12.7425093650556,12.7257541356163,12.7075191856563
0.096,12.8585468801473,12.8520213885827,12.8444612624085,12.8358108028927,12.8260146768214,12.8150182506084,12.8027679174024,12.7892114151082,12.7742981333554,12.7579794075845,12.7402087985492
0.098,12.8878003125808,12.8815178791717,12.8742191437834,12.8658496496432,12.8563552685599,12.8456825266161,12.8337789229422,12.8205932395699,12.8060758404816,12.7901789581029,12.7728569656139
0.1,12.9171284210205,12.9110823923814,12.9040376236518,12.8959408609336,12.8867391439593,12.876380123781,12.8648123736187,12.8519856909423,12.8378513889806,12.8223625759788,12.8054744206512
0.102,12.9465347860163,12.9407189312459,12.9339211710695,12.9260894174907,12.9171718430182,12.9071171907398,12.8958750776251,12.8833962892057,12.8696330638987,12.8545393653647,12.8380711414152
0.104,12.9760227821914,12.9704312611401,12.963873982433,12.9562999889702,12.9476585527143,12.9378994775099,12.9269733951974,12.9148320532371,12.90142859218,12.8867178114407,12.8706564219524
0.106,13.0055955983137,13.0002229328221,12.9939000077918,12.9865769638526,12.9782041408045,12.9687323735237,12.9581132812195,12.9462995483266,12.9332451954353,12.9189058387742,12.9032389368884
0.108,13.0352562551573,13.0300973029377,13.0240029742649,13.0169244760479,13.0088131859071,12.9996209414836,12.9893003231511,12.9778049284826,12.9650896369296,12.9511108632947,12.9358267986917
0.11,13.0650076214339,13.0600575523099,13.0541864069266,13.0473464286285,13.0394900043379,13.0305699475646,13.0205397748678,13.0093539741806,12.9969682635152,12.9833398386853,12.9684276087927
0.112,13.0948524280328,13.0901067022867,13.0844536474769,13.0778465150443,13.0702386741007,13.0615838884186,13.0518365869189,13.0409521261217,13.0288870431366,13.0155992978794,13.0010485033175
0.114,13.1247932807789,13.1202476293869,13.1148078709675,13.1084282381293,13.1010630563819,13.0926670153689,13.0831954336406,13.0726045154841,13.0608515984419,13.0478953902558,13.0336961940868
0.116,13.1548326718851,13.1504830784476,13.1452521008166,13.1390949271639,13.1319668148464,13.1238233561318,13.1146207374989,13.1043159910866,13.092867236969,13.0802339150462,13.0663770054441
0.118,13.1849729902545,13.1808156744498,13.1757892223143,13.1698497532218,13.1629534329951,13.1550567343572,13.1461166909905,13.1360911438284,13.1249389783049,13.1126203513973,13.099096907401
0.12,13.2152165307657,13.211247933177,13.2064219947947,13.2006957430026,13.1940262298082,13.1863707872395,13.1776872763809,13.1679343287187,13.1570715785704,13.1450598854744,13.1318615455239
0.122,13.2455655026578,13.2417822708394,13.2371530626258,13.2316357913198,13.2251883738697,13.2177689814202,13.2093362835295,13.1998496847704,13.1892695525319,13.1775574349415,13.1646762679307
0.124,13.2760220371168,13.2724210127803,13.2679849651516,13.2626726723985,13.2564428961447,13.249254627372,13.2410673260131,13.2318411529973,13.2215371936076,13.2101176711107,13.1975461497198
0.126,13.306588194151,13.3031664013664,13.2989201457014,13.2938090501122,13.2877927015568,13.2808308924343,13.2728838557377,13.2639124927231,13.2538785919968,13.2427450390176,13.2304760151136
0.128,13.3372659688341,13.3340206031515,13.3299609597682,13.3250474872752,13.3192405794969,13.312500812644,13.3047891762003,13.2960672963861,13.2862976511388,13.2754437756457,13.2634704575625
0.13,13.3680572969833,13.3649857153905,13.3611096824454,13.3563904540919,13.3507892133785,13.344267303493,13.336786454548,13.3283090029995,13.3187981026777,13.3082179264987,13.2965338580269
0.132,13.3989640603322,13.3960637719736,13.3923685152005,13.3878403358513,13.3824411893388,13.3761331697241,13.3688787325581,13.3606409104088,13.3513835200897,13.341071360693,13.3296704016288
0.134,13.4299880912524,13.4272567488409,13.423739592054,13.4193994399465,13.4141990041754,13.4081011142653,13.4010689366535,13.3930661864719,13.3840573311138,13.3740077847236,13.3628840928403
0.136,13.4611311770681,13.4585665689301,13.4552249852262,13.4510700022874,13.4460650725973,13.440173746392,13.4333598870508,13.4255878792706,13.4168228291052,13.4070307550394,13.3961787693586
0.138,13.4923950640069,13.4899951067057,13.486826710304,13.4828541931685,13.4780417338579,13.4723535891932,13.4657543061292,13.4582089264528,13.4496831834218,13.4401436895462,13.4295581147991
0.14,13.5237814608227,13.5215441923108,13.5185467309768,13.5147541226462,13.5101312578331,13.5046430864121,13.4982548260973,13.4909321637898,13.4826414489389,13.4733498781451,13.4630256703241
0.142,13.5552920421225,13.553215615379,13.5503869633837,13.5467718454733,13.5423358505993,13.5370446087232,13.5308639960265,13.5237603330273,13.5157005747772,13.5066524923995,13.4965848453098
0.144,13.5869284514263,13.5850111285394,13.5823492801091,13.5789093656347,13.5746576595574,13.569560459498,13.5635842883137,13.5566960890971,13.5488634123209,13.5400545944151,13.5302389271456
0.146,13.618692303986,13.6169324506439,13.614435513862,13.6111686405215,13.6070987781496,13.6021928801115,13.5964181046253,13.5897420067519,13.5821327225928,13.5735591450079,13.5639910902475
0.148,13.6505851893861,13.6489812697438,13.6466474608666,13.6435515847781,13.6396612502048,13.6349440548302,13.6293677813736,13.6229005866753,13.6155111830469,13.6071690112272,13.5978444043584
0.15,13.682608673946,13.6811592458387,13.678986883994,13.6760600738531,13.6723470739482,13.6678161153212,13.6624355947683,13.6561742611183,13.6490013938331,13.6408869732923,13.6318018422033
0.152,13.7147643029432,13.7134680134184,13.7114555156561,13.7086959472807,13.7051582057064,13.7008111448189,13.6956237654818,13.6895653991039,13.682605883581,13.6747157309981,13.6658662865564
0.154,13.7470536026733,13.7459091838175,13.7440550604855,13.7414610117179,13.7380965633354,13.7339311819775,13.7289344629636,13.7230763112396,13.7163271147488,13.7086579096365,13.7000405367742
0.156,13.7794780823612,13.7784843473992,13.7767871978197,13.7743570437584,13.7711640293953,13.7671782244399,13.7623698094355,13.7567092541728,13.7501674885732,13.7427160654771,13.7343273148421
0.158,13.8120392359381,13.8111950755832,13.809653584007,13.8073857925447,13.8043624540968,13.8005542321472,13.7959318835957,13.7904664347209,13.7841293496577,13.776892690846,13.7687292709769
0.16,13.8447385436943,13.8440429227324,13.8426558545503,13.840548982194,13.8376936580364,13.8340611304115,13.8296227240567,13.824350013704,13.8182149902299,13.811190218838,13.8032489888242
0.162,13.8775774738202,13.8770294279091,13.8757956261026,13.873848314056,13.8711594347409,13.8677008127727,13.8634443325409,13.8583621095067,13.8524266540968,13.8456110276935,13.8378889902856
0.164,13.9105574838443,13.9101561165146,13.9090744983266,13.9072854688163,13.904761553037,13.9014751436573,13.8973986768545,13.8925048013907,13.8867665403229,13.8801574448685,13.8726517400069
0.166,13.9436800219777,13.9434245018185,13.942494055631,13.9408621084579,13.93850175926,13.9353859608573,13.9314876936576,13.9267801325812,13.9212368066562,13.9148317508241,13.9075396495556
0.168,13.9769465283724,13.976836086391,13.9760558687928,13.9745798780939,13.9723817793161,13.9694350778423,13.9657132910484,13.9611901131444,13.955839572721,13.9496361825579,13.9425550813142
0.17,14.0103584363005,14.010392363443,14.0097614964759,14.0084404076812,14.0064033206104,14.0036242859206,14.0000773509766,13.9957367226739,13.9905769229986,13.9845729368998,13.9777003521122
0.172,14.0439171732622,14.0440948180838,14.0436124866539,14.0424453136258,14.0405680738508,14.03795535626,14.0345817315002,14.0304219128018,14.025450909612,14.01964417359,14.0129777366176
0.174,14.077624162027,14.0779449285018,14.0776103779456,14.0765962002878,14.0748777147392,14.0724300417812,14.0692282688982,14.0652476095484,14.0604635549308,14.054852018158,14.0483894705088
0.176,14.1114808216134,14.1119441670759,14.1117567008702,14.1108946613946,14.1093339055573,14.107050078933,14.10401877965,14.1002157155237,14.0956168540112,14.090198564618,14.0839377534419
0.178,14.1454885682146,14.1460940014215,14.1460529790277,14.1453422813697,14.1439382966579,14.1418171893589,14.1389550622943,14.1353281119919,14.1309127768832,14.1256858779941,14.1196247518323
0.18,14.1796488160708,14.1803958953778,14.1805007302122,14.1799406365835,14.1786925278664,14.1767330814641,14.1740388991742,14.1705866608108,14.1663532706972,14.1613159966914,14.1554526014632
0.182,14.2139629782955,14.2148513099402,14.2151014674617,14.2146912965331,14.2135982298021,14.2117994518907,14.2092720580796,14.2059932062543,14.2019402617422,14.1970909347215,14.1914234099345
0.184,14.248432467658,14.2494617041424,14.2498567000507,14.2495958249552,14.2486570251237,14.2470179869073,14.2446562937938,14.2415495767284,14.2376756573433,14.2330126837964,14.2275392589658
0.186,14.2830586973259,14.2842285358924,14.2847679344288,14.2846557808784,14.2838705297058,14.2823903637206,14.2801933495517,14.2772575863881,14.2735613476494,14.2690832152992,14.2638022065626
0.188,14.3178430815701,14.3191532627656,14.3198366751108,14.31987271962,14.3192403537513,14.3179182517153,14.3158849584166,14.3131190366627,14.3095992073192,14.3053044821415,14.3002142890575
0.19,14.3527870364368,14.3542373427586,14.3550644255213,14.3552481937296,14.354768102845,14.3536033136256,14.3517328445819,14.3491357176971,14.345791097112,14.3416784205159,14.3367775230352
0.192,14.3878919803871,14.3894822350064,14.3904526887972,14.390783753886,14.3904553789523,14.3894472066465,14.3877387246025,14.3853094097144,14.3821388653918,14.3782069515514,14.373493907149
0.194,14.4231593349086,14.4248894004661,14.4260029685518,14.4264809497487,14.4263037813677,14.4254515834866,14.4239043085624,14.4216418843064,14.4186443495504,14.4148919828784,14.4103654238393
0.196,14.4585905250993,14.4604603025698,14.4617167696027,14.4623413307692,14.4623149076165,14.4616180933689,14.4602313011821,14.4581349056568,14.4553093773554,14.451735410111,14.4473940409575
0.198,14.4941869802276,14.496196407849,14.4975955986671,14.4983664469642,14.498490354313,14.4979483829817,14.4967214028706,14.4947902317025,14.4921357682287,14.4887391182513,14.4845817133063
0.2,14.5299501342694,14.5320991865316,14.5336409650266,14.5345578496536,14.534831717979,14.5344440973851,14.5333763107265,14.5316096152372,14.5291253344607,14.5259049830225,14.5219303840987
0.202,14.565881426424,14.5681701131157,14.5698543811631,14.5709170921658,14.5713405958252,14.5711068808741,14.5701977194914,14.5685948049614,14.5662798823646,14.5632348721344,14.5594419863436
0.204,14.6019823016107,14.6044106669203,14.6062373633692,14.6074457305135,14.6080185864981,14.6079383778041,14.607187322459,14.6057475464828,14.6036012133754,14.6007306464885,14.5971184441635
0.206,14.6382542109479,14.6408223326146,14.6427914323342,14.6441453240415,14.6448672907951,14.644940233379,14.6443468123432,14.6430695832712,14.6410911250966,14.6383941613238,14.6349616740472
0.208,14.6746986122152,14.6774066007289,14.6795181137077,14.6810174360484,14.6818883123504,14.6821140944067,14.6816778821089,14.6805626575695,14.6787514122998,14.6762272673111,14.6729735860435
0.21,14.7113169703003,14.7141649681473,14.7164189386427,14.7180636343846,14.7190832582928,14.7194616100227,14.7191822257668,14.7182285112661,14.7165838678797,14.7142318115956,14.7111560849003
0.212,14.7481107576328,14.751098938584,14.7534954443193,14.7552854920288,14.7564537398796,14.7569844323849,14.7568615391356,14.75606888673,14.7545902837668,14.7524096387951,14.7495110711513
0.214,14.7850814546038,14.7882100230443,14.7907491744509,14.7926845876431,14.7940013731053,14.7946842173428,14.7947175205743,14.7940855276113,14.7927724518028,14.7907625919537,14.7880404421559
0.216,14.8222305499744,14.825499740272,14.828181679774,14.8302625061098,14.8317277792897,14.8325626250799,14.8327518716857,14.8322801796102,14.8311321645795,14.8292925134568,14.8267460930936
0.218,14.8595595412736,14.8629696171835,14.8657945185234,14.8680208390507,14.8696345856456,14.8706213207345,14.870966297994,14.8706545912164,14.8696712162447,14.8680012459075,14.8656299179174
0.22,14.8970699351851,14.9006211892902,14.9035892568925,14.9059611853299,14.9077234258276,14.9088619749989,14.9093625095979,14.9092105144208,14.9083914032766,14.9068906329696,14.9046938102691
0.222,14.9347632479263,14.9384560011102,14.9415674694815,14.9440851515419,14.9459959404641,14.9472862646983,14.9479422218014,14.9479497054018,14.9472945252305,14.9459625201778,14.9439396643576
0.224,14.9726410056174,14.9764756065696,14.9797307397338,14.9823943524859,14.9844537776727,14.9858958733514,14.9867071557235,14.9868739251874,14.9863823854573,14.9852187557174,14.9833693758042
0.226,15.0107047446443,15.0146815693948,15.0180806603611,15.0208904116272,15.0230985935611,15.0246924917149,15.0256590388885,15.0259849402963,15.0256567917987,15.0246611911769,15.0229848424571
0.228,15.0489560120136,15.0530754634966,15.056618833759,15.0595749615469,15.0619320527147,15.063677818311,15.0647996057978,15.0652845233571,15.0651195572576,15.0642916822744,15.062787965176
0.23,15.0873963657011,15.0916588733459,15.0953468724127,15.0984496443811,15.1009558286711,15.1028535599409,15.1041305984861,15.1047744537097,15.1047725006485,15.1041120895591,15.1027806485903
0.232,15.1260273749953,15.1304333943434,15.1342663992952,15.1375161122495,15.1401716043832,15.1422214321854,15.1436537670611,15.1444565179884,15.1446174472265,15.1441242790911,15.1429648018317
0.234,15.1648506208352,15.1694006331821,15.1733790482572,15.1767760276757,15.1795810726714,15.1817831598917,15.1833708702292,15.1843325106886,15.1846562292994,15.1843301231004,15.1833423392439
0.236,15.2038676961435,15.2085622082043,15.2126864644102,15.2162310639986,15.2191859366666,15.2215404776505,15.2232836758084,15.2244042347193,15.2248906868207,15.2247315006254,15.2239151810695
0.238,15.2430802061555,15.2479197497533,15.2521903045033,15.2558829057762,15.2589879102431,15.2614951302609,15.2633939612286,15.26467350194,15.2653226679686,15.2653302981345,15.2646852541176
0.24,15.2824897687444,15.2874749005211,15.2918922372939,15.2957332491829,15.2989887184446,15.3016488731867,15.3037035140202,15.3051421336862,15.3059540297085,15.3061284101303,15.3056544924121
0.242,15.3220980147439,15.3272293158904,15.3317939439138,15.3357838023998,15.3391900979011,15.3420034730035,15.3442141322936,15.3458119612822,15.3467866383427,15.3471277397387,15.3468248378223
0.244,15.3619065882664,15.3671846642748,15.3718971182303,15.3760362859999,15.3795937972406,15.3825607078373,15.384927625208,15.3866848265426,15.3878223700479,15.388330199283,15.3881982406778
0.246,15.4019171470209,15.4073426274542,15.412203467203,15.416492433328,15.4202015774932,15.4233223677964,15.4258458134319,15.4277625822645,15.4290631113997,15.4297377108454,15.4297766603676
0.248,15.4421313626266,15.4477049009079,15.452714711237,15.4571539908757,15.4610152124903,15.464290255396,15.4669705295959,15.4690470927097,15.4705107598876,15.4713522068158,15.4715620659262
0.25,15.4825509209267,15.4882731941458,15.4934325845335,15.4980227186526,15.5020364892585,15.5054661859767,15.5083036187378,15.5105402340789,15.5121672244198,15.5131756304294,15.5135564366057
0.252,15.5231775222993,15.5290492310365,15.5343588354365,15.5391003905539,15.5432672084092,15.546851988118,15.5498469387412,15.5522438949774,15.5540344258183,15.5552099362936,15.5557617624367
0.254,15.5640128819681,15.5700347501347,15.5754952267779,15.5803887947246,15.5847091845237,15.5884495040461,15.5916023607684,15.5941599768745,15.5961142973068,15.5974570909059,15.5981800447783
0.256,15.6050587303124,15.6112315050064,15.6168435362205,15.6218897339215,15.6263642465354,15.6302605900377,15.6335717696878,15.6362903945561,15.6384087849901,15.6399190731624,15.6408132968575
0.258,15.6463168131759,15.6526412645539,15.6584055565992,15.6636050258717,15.6682342381084,15.6722871168203,15.6757570644958,15.6786370765716,15.6809198483268,15.6825978748586,15.6836635443
0.26,15.6877888921759,15.6942658133395,15.7001830962608,15.705536503631,15.7103210180138,15.7145309699679,15.7181601587361,15.7212019656753,15.7236494605968,15.725495501183,15.7267328256514
0.262,15.7294767450125,15.7361069519087,15.7421779794033,15.7476860159388,15.7526264605036,15.7569940502953,15.760782980913,15.7639870192635,15.7665996093616,15.7686139712035,15.7700231928923
0.264,15.7713821657781,15.7781664971142,15.7843920464138,15.7900554275733,15.7951524556827,15.7996782742482,15.8036274749036,15.8069942098075,15.8097722969205,15.8119553183489,15.813536711945
0.266,15.8135069652673,15.8204462824386,15.8268271542071,15.832646619705,15.8379009098798,15.8425855742929,15.8466956003655,15.8502255252829,15.8531695407627,15.8555215908836,15.8572754631742
0.268,15.8558529712879,15.8629481583192,15.8694851765636,15.8754614902499,15.8808737460167,15.8857178993028,15.8899893331431,15.8936829695956,15.8967933740147,15.8993148523793,15.9012415418828
0.27,15.8984220289726,15.9056739924719,15.9123680044672,15.9185019542226,15.9240729039775,15.9290772149445,15.9335106656715,15.9373685630053,15.9406458458845,15.9433371821803,15.9454370588014
0.272,15.9412160010925,15.948625670217,15.9554775464446,15.9617699440894,15.9675003409765,15.9726655040627,15.9772616073793,15.9812843425472,15.9847290221033,15.9875906758676,15.9898641405742
0.274,15.9842367683717,15.9918050948061,15.9988157289046,16.0052674101218,16.0111580319271,16.0164847670643,16.0212441850893,16.025432362451,16.0290449853645,16.0320774457173,16.0345249302404
0.276,16.0274862298034,16.0352141877497,16.0423844964789,16.0489963207502,16.0550479698098,16.0605370223026,16.0654604434197,16.0698146945594,16.0735958357602,16.0767996211587,16.0794215877123
0.278,16.0709663029685,16.0788548891474,16.0861858123636,16.0929586629196,16.0991721660418,16.104824306461,16.1099124451838,16.1144334287453,16.1183836912171,16.121759349228,16.1245562902511
0.28,16.1146789243561,16.1227291580189,16.1302216586635,16.1371564424451,16.1435326508461,16.149348674938,16.1546022717899,16.1592906733282,16.1634106879304,16.166958795022,16.1699312329388
0.282,16.1586260496855,16.1668389726381,16.1744940367362,16.18159168437,16.1881314736234,16.1941122022316,16.1995320236416,16.2043885554904,16.2086789807972,16.2124001421492,16.21554862915
0.284,16.2028096542323,16.2111863308684,16.2190049675402,16.226266433325,16.2329707033233,16.2391169823259,16.2447038205389,16.2497292216936,16.2541907438496,16.2580855931808,16.2614107110204
0.286,16.2472317331552,16.2557732505014,16.2637564919839,16.2711827538894,16.2780524288189,16.2843651290782,16.2901198020792,16.2953148380956,16.2999481706878,16.3040173701004,16.3075197299157
0.288,16.2918943018275,16.3006017695975,16.3087506712772,16.3163427309543,16.3233787592823,16.3298587766075,16.3357821280605,16.341147590968,16.3459534749131,16.3501977147541,16.3538779568983
0.29,16.3367993961704,16.3456739468295,16.3539895872863,16.3617484700887,16.3689518245623,16.3756000796858,16.3816929788853,16.3872296871147,16.3922088905617,16.3966288893008,16.4004876831955
0.292,16.3819490729897,16.3909918618299,16.3994753428904,16.4074020979074,16.4147737755645,16.4215912141302,16.4278545559669,16.4335633542918,16.4387166725403,16.4433131766626,16.447351220666
0.294,16.4273454103165,16.4365576155402,16.4452100623425,16.4533057624426,16.4608467846343,16.467834377198,16.4742690821369,16.4801508416296,16.4854790970614,16.4902528809762,16.494470902268
0.296,16.4729905077505,16.4823733305646,16.4911958916326,16.4994616335178,16.5071730459419,16.5143317879842,16.5209388020559,16.5269944200559,16.5324984620819,16.5374503280464,16.541849082528
0.298,16.5188864868078,16.528441151527,16.5374349988546,16.5458719031252,16.5537547758714,16.5610856878219,16.5678659826255,16.5740963827221,16.5797770877424,16.5849078657997,16.5894881380103
0.3,16.5650354912721,16.5747632454315,16.5839295745767,16.5925387858066,16.6005942134123,16.6080983406854,16.6150529134048,16.6214590454313,16.6273173168091,16.632627864741,16.6373904677885
0.302,16.6114396875502,16.6213418020268,16.6306818322159,16.6394645190381,16.6476936205546,16.6553720335972,16.6625019070279,16.6690847470699,16.6751215151185,16.680612718412,16.6855584939186
0.304,16.6581012650313,16.6681790341754,16.677694008416,16.6866513636181,16.6950552826881,16.7029090770375,16.7102152996266,16.7169758500412,16.7231920720245,16.7288648438518,16.7339946619143
0.306,16.7050224364515,16.7152771782262,16.7249683634303,16.7341016040597,16.7426815090047,16.7507118053585,16.7581954512551,16.7651347407034,16.7715314008488,16.7773866820612,16.7827014412251
0.308,16.7522054382617,16.762638494392,16.7725071815082,16.7818175489877,16.7905746329059,16.7987825772016,16.8064447463194,16.8135638298104,16.8201419393341,16.8261806984689,16.8316813257165
0.31,16.7996525310011,16.8102652671316,16.8203127712866,16.8298015315389,16.8387370124135,16.8471237759201,16.8549655940104,16.8622655529568,16.8690261501018,16.875249383402,16.8809368341541
0.312,16.8473659996752,16.8581598055367,16.8683874661861,16.8780559097687,16.8871710305858,16.8957378100045,16.9037604287413,16.9112423710265,16.9181865211129,16.9245952525597,16.9304705106906
0.314,16.8953481541386,16.9063244437235,16.9167336248115,16.9265830670607,16.9358790959374,16.9446271135141,16.952831710589,16.9604967706463,16.9676255661328,16.9742208474911,16.9802849253567
0.316,16.9436013294837,16.9547615412298,16.9653536313582,16.9753854125428,16.9848636428652,16.9937941465124,17.002181925741,17.0100312646434,17.0173458252015,17.0241287360768,17.0303826745559
0.318,16.9921278864338,17.0034734834172,17.0142498960236,17.0244653815075,17.0341271320787,17.0432413955077,17.0518135869463,17.0598483925081,17.0673498651073,17.0743215130157,17.0807663815634
0.32,17.0409302117422,17.0524626818788,17.0634248554232,17.0738254358382,17.0836720510354,17.0929713738991,17.1017292339725,17.1099507208609,17.1176402798658,17.1248018003156,17.13143869703
0.322,17.0900107185973,17.1017315748529,17.1128809730137,17.1234680644408,17.1335009143826,17.1429866224282,17.151931434067,17.1603408439257,17.1682196912044,17.1755722477897,17.1824022994904
0.324,17.1393718470327,17.1512826276417,17.1626207395208,17.173395783681,17.1836162644044,17.1932897096356,17.2024227824251,17.2110213840082,17.2190907490516,17.2266355335573,17.2336598958768
0.326,17.1890160643444,17.2011183330369,17.2126466733732,17.2236111378279,17.2340206714743,17.243883232324,17.2532059026626,17.2619949919793,17.2702561320323,17.2779943645515,17.2852142220378
0.328,17.2389458655127,17.251241211751,17.2629613211432,17.2741166995033,17.2847167345148,17.2947698160275,17.3042834472955,17.3132643477653,17.3217185479686,17.3296514770306,17.3370680432628
0.33,17.289163773632,17.301653812855,17.3135672579935,17.3249150701382,17.3357070814624,17.3459521154864,17.3556580982253,17.3648321608444,17.3734807343873,17.3816096370978,17.3892241548127
0.332,17.3396723403463,17.3523587142229,17.36446708813,17.3760088804342,17.3869943697399,17.3974328151296,17.4073325672312,17.4167011707485,17.4255454590329,17.4338716412253,17.4416853824567
0.334,17.3904741462913,17.4033585229826,17.4156634452623,17.4274007908338,17.4385812867348,17.4492146295624,17.4593095964684,17.4688741475731,17.4779155203881,17.4864403167859,17.4944545830147
0.336,17.4415718015436,17.4546558759737,17.4671589930702,17.479093491996,17.4904705502853,17.5013003040626,17.511591958974,17.521353892493,17.5305937482006,17.5393185225913,17.547534644908
0.338,17.492967946077,17.5062534402129,17.518956425678,17.5310897052796,17.5426649091728,17.5536926150828,17.5641824591799,17.5741432382854,17.583583004017,17.5925091494371,17.6009284887155
0.34,17.544665250226,17.5581539133659,17.5710584681357,17.5833921832339,17.5951671436224,17.6063943707604,17.6170839334325,17.6272450498608,17.6368861817242,17.6460151206555,17.6546390677381
0.342,17.5966664151567,17.6103600242274,17.6234678769081,17.636003710097,17.6479800658104,17.6594084114356,17.6702992505207,17.680662224801,17.6905062080986,17.6998393926752,17.70866936857
0.344,17.6489741733451,17.6628745332085,17.6761874403711,17.6889271023019,17.7011065203799,17.7127376101761,17.7238313122114,17.7343976939052,17.7444460433626,17.7539849555897,17.7630224116782
0.346,17.7015912890634,17.715700232832,17.7292199793165,17.7421652089899,17.7545493849646,17.7663848733114,17.7776830537931,17.7884544217438,17.7987086817494,17.8084548337325,17.8177012519904
0.348,17.7545205588744,17.7688399482357,17.7825683474644,17.7957209125332,17.8083115707205,17.8203531409739,17.8318574446282,17.8428354072215,17.8532971520767,17.8632520862624,17.8727089794899
0.35,17.8077648121335,17.8222965376841,17.8362354319844,17.8495971290653,17.862396022866,17.8746453876494,17.8863574887128,17.8975436841474,17.908214518328,17.9183798077558,17.9280487198208
0.352,17.8613269115002,17.8760728930884,17.8902241540248,17.9037968090202,17.9168057212312,17.9292646227364,17.9411862252468,17.9525823218157,17.9634638802436,17.9738411288088,17.9837236349011
0.354,17.9152097534566,17.9301719405353,17.9445374692513,17.9583229376801,17.9715436808153,17.9842138911135,17.9963467292115,18.0079544255942,18.0190483739203,18.029639216648,18.039736923545
0.356,17.9694162688364,17.9845966408246,17.999178368394,18.013178535733,18.0266129523544,18.0394962737172,18.0518421119579,18.0636631375226,18.0749711724208,18.0857772757512,18.0960918220953
0.358,18.0239494233613,18.039349990016,18.054149877804,18.0683666598384,18.0820166228969,18.0951148881282,18.1076755218033,18.1197116369204,18.1312354863921,18.1422585484776,18.1527916050646
0.36,18.078812218188,18.0944350199851,18.1094550600191,18.1238904032037,18.1377578163907,18.1510728891678,18.1638501446385,18.176103141005,18.1878445646951,18.1990863157075,18.2098395857875
0.362,18.1340076904634,18.1498547989892,18.1650970143396,18.1797528961696,18.193839694278,18.2073734695045,18.220369204545,18.2328409055188,18.2448016950427,18.2562638974933,18.2672391170827
0.364,18.1895389138908,18.2056124322424,18.2210788774137,18.235957306806,18.2502654561022,18.2640198602705,18.2772359644219,18.2899282253686,18.3021102046501,18.3137946537199,18.3249935919255
0.366,18.2454089993042,18.2617110625013,18.2774038238332,18.2925068415179,18.3070383401239,18.3210153316886,18.3344537266242,18.3473684352736,18.3597734608948,18.3716819847771,18.3831064441318
0.368,18.3016210952548,18.3181538706605,18.3340750667394,18.3494047456614,18.364161623948,18.3783631937104,18.3920258336115,18.4051649104258,18.4177948719876,18.4299293322424,18.4415811490527
0.37,18.358178388606,18.3749440763591,18.3910958584397,18.4066543041719,18.4216386251619,18.4360667966647,18.4499556686079,18.4633210671615,18.4761778876563,18.4885401795756,18.5004212242815
0.372,18.4150841051403,18.432084938597,18.4484694910352,18.4642588422013,18.4794727019845,18.4941295319182,18.5082466562733,18.5218403636435,18.5349259998389,18.5475180528247,18.5596302303718
0.374,18.4723415101761,18.4895797563633,18.5061992970596,18.5222217257685,18.5376672539266,18.5525548325469,18.5669022633869,18.5807263005561,18.5940427433911,18.6068665213448,18.6192117715681
0.376,18.5299539091963,18.5474318692754,18.5642886501289,18.5805463624199,18.5962257224636,18.6113461740198,18.6259259995416,18.6399824218119,18.6535316968042,18.6665891985287,18.6791694965493
0.378,18.5879246484879,18.6056446582296,18.6227409656036,18.6392362019028,18.6551515917198,18.6705070748948,18.6853214178524,18.6996123152711,18.7133964829369,18.7266897425504,18.7395070991844
0.38,18.6462571157931,18.6642215460637,18.6815597012623,18.6982947368504,18.7144483891645,18.7300410975269,18.7450921156755,18.7596196134732,18.773640769759,18.7871718571216,18.8002283193018
0.382,18.7049547409727,18.7231659982314,18.7407483579878,18.7577255034794,18.7741196863222,18.7899518487894,18.8052417353419,18.8200079943824,18.8342682711094,18.8480392922621,18.8613369434723
0.384,18.7640209966813,18.7824815234893,18.8003104804654,18.8175320823005,18.8341690994939,18.850242980808,18.8657739649038,18.8807811821465,18.8952827474669,18.909295845083,18.9228368058059
0.386,18.8234593990551,18.8421716745966,18.860249657895,18.8777180988415,18.8946002904931,18.9109181917081,18.9266925388939,18.9419429478686,18.9566880067354,18.9709453605854,18.9847317887625
0.388,18.8832735084124,18.9022400490275,18.9205695247148,18.9382872243843,18.9554169673945,18.9719812263765,18.9880012390998,19.0034971103939,19.0184879050428,19.0329917324721,19.0470258239779
0.39,18.943466929967,18.9626902896968,18.9812737613402,18.9992431767149,19.0166228852966,19.0334358772368,19.0497038953516,19.065447537111,19.0806863475556,19.0954389039753,19.1097228931044
0.392,19.0040433145553,19.0235260856996,19.0423660949148,19.0605897208882,19.0782218470995,19.0952859850388,19.111804386325,19.1277981447668,19.1432872893075,19.1582908686986,19.1728270286671
0.394,19.0650063593765,19.0847511730642,19.1038503000772,19.1223306700067,19.1402177042955,19.1575354396633,19.1743066403588,19.1905529002985,19.2062947360441,19.2215516714758,19.2363423149358
0.396,19.1263598087474,19.1463693355195,19.1657301997406,19.1844698860133,19.2026143577764,19.220188180942,19.237214636288,19.2537158216793,19.2697127450827,19.2852254092442,19.3002728888129
0.398,19.188107454871,19.208384405277,19.2280096658882,19.2470112805004,19.2654157586548,19.2832481994923,19.3005324042924,19.3172909787813,19.3335454261891,19.3493162319357,19.3646229407387
0.4,19.2502531386197,19.2708002638278,19.2906926203836,19.3099588155335,19.3286259091017,19.3467195375689,19.3642640267619,19.3812824942543,19.3977969424705,19.4138283433837,19.4293967156132
0.402,19.3128007503339,19.3336208427541,19.3537830357964,19.3733165044904,19.3922488631996,19.4106062899303,19.4284136391773,19.4456945444215,19.4624715112853,19.4787660022481,19.4945985137351
0.404,19.3757542306355,19.3968501245576,19.4172849362441,19.4370884129173,19.4562887278126,19.4749126047238,19.4929854310092,19.5105313601919,19.5275734051708,19.5441335229572,19.5602326917596
0.406,19.4391175712574,19.4604921435023,19.4812023982495,19.5012786594006,19.5207496634729,19.5396426843857,19.5579836466331,19.5757972279911,19.5931069527883,19.6099352766681,19.6263036636738
0.408,19.5028948158886,19.5245509864749,19.5455395516155,19.5658914164564,19.5856358852843,19.6048007865602,19.6234125862632,19.6414964907094,19.6590765398866,19.676175692246,19.6928159017913
0.41,19.5670900610361,19.5890307938612,19.6103005803165,19.6309309114363,19.6509516638437,19.6703912250356,19.6892766069037,19.7076335486688,19.7254866102845,19.7428592572618,19.7597739377661
0.412,19.6317074569037,19.6539357604402,19.6754897234073,19.6964014274522,19.7167013261806,19.7364183706993,19.7555801233191,19.7742128606087,19.7923416668721,19.8099905190095,19.8271823636263
0.414,19.6967512082874,19.7192701362948,19.7411112759499,19.762307304318,19.7828892567146,19.8028866525111,19.8223276090234,19.8412389446913,19.8596462726325,19.8775740855445,19.8950458328283
0.416,19.7622255754891,19.7850382277415,19.8071695899586,19.8286529395109,19.8495198982327,19.8698005584958,19.8895235972888,19.9087163795262,19.9274050516828,19.9456146267407,19.9633690613311
0.418,19.8281348752479,19.8512443982778,19.8736690753634,19.8954427891509,19.9165977528849,19.9371646367559,19.9571726821749,19.9766498052162,19.9956226903364,20.01411687537,20.0321568286931
0.42,19.8944834816902,19.9178930695485,19.9406142009933,19.9626813690004,19.9841273832004,20.0049834965042,20.0252795195779,20.0450439244235,20.0643039381864,20.0830856282028,20.1014139791898
0.422,19.961275827298,19.9849887223317,20.0080094955786,20.0303732554838,20.052113413124,20.0732618091169,20.093848828301,20.1139035034573,20.1334536092104,20.152525747131,20.1711454229543
0.424,20.0285164038978,20.0525358975436,20.0758595487735,20.0985230867268,20.120560529073,20.1420043092084,20.1628853911461,20.1832333733833,20.2030765828983,20.2224421603126,20.2413561371412
0.426,20.0962097636676,20.1205391972645,20.1441690121991,20.1671355636178,20.1894734810157,20.2112157957271,20.2323940560285,20.2530384311559,20.2731778054022,20.292839863341,20.3120511671131
0.428,20.1643605201661,20.1890032857849,20.2129426005081,20.2362154508897,20.2588570835721,20.2809011330743,20.302379737113,20.3233236407733,20.3437622907099,20.3637239204369,20.3832356276526
0.43,20.2329733493811,20.2579328906732,20.2821850924702,20.3057675782242,20.3287162171359,20.3510652522451,20.372847415974,20.3940940344558,20.4148351218428,20.4350994656652,20.454914704198
0.432,20.3020529908,20.3273328038643,20.3519013320802,20.3757968413789,20.3990558290208,20.421713151993,20.4438021427791,20.465354713849,20.4864014520778,20.5069717041766,20.5270936541048
0.434,20.3716042485017,20.3972078827714,20.4220962296885,20.4463082033367,20.4698809346292,20.4928499000186,20.5152490374972,20.5371108512513,20.5584665061949,20.5793459134752,20.5997778079335
0.436,20.4416319922716,20.4675630514198,20.4927747631554,20.5173066954799,20.5411966186459,20.5644806341828,20.5871932911314,20.609367690867,20.6310355817504,20.6522274447121,20.6729725707639
0.438,20.512141158738,20.5384033016049,20.5639419790278,20.5887974187871,20.6130080362555,20.6366105637445,20.6596401669774,20.682130550085,20.7041140503765,20.725621724006,20.7466834235371
0.44,20.5831367525337,20.6097336940728,20.6356029937421,20.6607855450568,20.685320414386,20.7092449706248,20.7325950019087,20.7554048207852,20.7777073591087,20.7995342537914,20.8209159244249
0.442,20.65462384748,20.6815593597266,20.7077629948504,20.7332763181544,20.758139052978,20.7823892106978,20.806063207688,20.8291959706711,20.8518210317398,20.8739706141956,20.8956757102291
0.444,20.7266075877964,20.7538855008576,20.7804272422735,20.8062750552872,20.8314693262802,20.8560487151074,20.8800502723064,20.9035095446313,20.9264606702043,20.9489364644442,20.9709684978096
0.446,20.7990931893351,20.826717392401,20.8536010695793,20.8797871483046,20.9053166841726,20.9302289916128,20.9545617613512,20.9783511661297,21.0016319559901,21.0244375442966,21.0468000855433
0.448,20.8720859408412,20.9000603832198,20.9272898852888,20.9538180650268,20.9796866535172,21.0049356259622,21.0296033194024,21.0537265386246,21.0773406515819,21.1004796755124,21.1231763548134
0.45,20.9455912052392,20.9739198974144,21.0014991742088,21.0283733506007,21.0545848395378,21.0801742832958,21.1051806714588,21.1296414470187,21.1535926019345,21.1770687633487,21.200103271532
0.452,21.0196144209476,21.0483014356602,21.0762344987935,21.1034586288856,21.1300169272288,21.1559507095782,21.1812996243947,21.2061017591403,21.230393735978,21.25421079809,21.2775868876941
0.454,21.0941611032199,21.1232105765737,21.1515015005351,21.1790796038673,21.2059886827944,21.232270733062,21.2579660684482,21.2831134272554,21.3077500681554,21.3319118566106,21.3556333429656
0.456,21.169236845515,21.1986529781078,21.2273059013833,21.2552420611034,21.282505955118,21.3091402657831,21.335185978741,21.3606824896135,21.3856676999934,21.4101781039717,21.4342488663067
0.458,21.2448473208967,21.2746343789765,21.3036535051964,21.3319518691991,21.3595746772643,21.3865653050871,21.4129654168313,21.4388150720264,21.4641528217077,21.4890157950526,21.513439777629
0.46,21.3209982834628,21.3511606001102,21.3805501992224,21.4092149813152,21.4372008680131,21.4645519351903,21.4913105323008,21.5175173894811,21.5432117138424,21.5684312762174,21.5932124894907
0.462,21.3976955698052,21.4282375461433,21.4580019556127,21.4870374367083,21.5153906334265,21.5431063287738,21.5702275643758,21.596795747789,21.6228507489468,21.6484309870193,21.6735735088278
0.464,21.4749451005015,21.5058712069324,21.5360148329692,21.565425362305,21.5941501684504,21.622234748612,21.6497228435838,21.6766565452699,21.7030763932874,21.7290214619412,21.754529438724
0.466,21.5527528816385,21.5840676591085,21.6145949779235,21.6443849743101,21.6734857585512,21.7019435492382,21.729802793447,21.7571062744742,21.7838952085991,21.8102093321756,21.8360869802202
0.468,21.6311250063691,21.6628330676631,21.6937486267522,21.7239225798499,21.753403781388,21.7822391786457,21.8104739322128,21.8381515239428,21.8653138538746,21.8920013274444,21.9182529341636
0.47,21.7100676565034,21.7421736875681,21.7734821070268,21.8040445786524,21.8339107085221,21.8631281800266,21.8917428746229,21.9197989800061,21.9473390871935,21.9744042778582,22.0010342030989
0.472,21.7895871041337,21.8220958654324,21.8538018393,21.8847574647634,21.915013107164,21.9446171935499,21.9736163337215,22.0020554286231,22.0299777675927,22.0574251158182,22.0844377932013
0.474,21.8696897132965,21.9026060411937,21.9347143388295,21.9660678283019,21.9967176419597,22.0267129581789,22.056101122704,22.0849277572619,22.1132368569788,22.1410708779609,22.1684708162541
0.476,21.95038194167,21.9837107498493,22.0162262173396,22.0479823572537,22.0790310768162,22.1094223135286,22.1392041568072,22.1684229568224,22.1971234220833,22.225348707146,22.2531404916699
0.478,22.0316703423099,22.0654166232237,22.0983441848227,22.1305078393052,22.1619602767686,22.1927522017658,22.2229324552425,22.2525481236023,22.2816446364626,22.3102658544904,22.3384541485585
0.48,22.1135615654231,22.1477303917769,22.1810750513808,22.2136511637187,22.2455122098886,22.2767096695519,22.3072931431718,22.3373104613077,22.3668077825424,22.3958296814479,22.4244192278423
0.482,22.1960623601822,22.2306588864526,22.2644257291077,22.2974193232496,22.3296939492366,22.3613018700287,22.3922934537293,22.42271728311,22.4526202537104,22.4820476619367,22.5110432844196
0.484,22.2791795765789,22.3142090405676,22.3484032340149,22.381819416107,22.4145126748575,22.4465360648508,22.4779407300891,22.5087760137487,22.5390895564555,22.5689273845158,22.5983339893782
0.486,22.3629201673207,22.3983878917446,22.4330146879997,22.4668586479588,22.4999756758227,22.5324196262636,22.5642424275795,22.5954941916838,22.6262233125571,22.6564765546118,22.6862991322597
0.488,22.4472911897695,22.4832025838884,22.5182673208594,22.5525443339828,22.5860903523179,22.6189600392286,22.6512061158469,22.6828794712969,22.7140292613242,22.7447029967967,22.7749466233774
0.49,22.5322998079241,22.5686603692066,22.60416847235,22.6388839009639,22.6728642177793,22.7061649035985,22.7388394810689,22.7709396251433,22.8025152618879,22.8336146571196,22.8642844961869
0.492,22.6179532944482,22.654768610277,22.6907255942931,22.7258848894404,22.760304901079,22.7940419363417,22.8271503282191,22.8596825462571,22.8916892955455,22.9232196054923,22.9543209097137
0.494,22.7042590327446,22.7415347821624,22.7779462527309,22.8135549558991,22.8484201487609,22.8825989738192,22.9161465833841,22.9491162505093,22.9815594681609,23.0135260381307,23.0450641510367
0.496,22.7912245190769,22.8289664745734,22.8658381301306,22.9019018750216,22.9372178273283,22.9718439741136,23.0058362961355,23.0392488790216,23.0721340126204,23.1045422800544,23.1365226378312
0.498,22.8788573647397,22.9170713940817,22.9544090276402,22.9909335419829,23.0267059255851,23.0617850194136,23.0962276419563,23.1300887006365,23.1634212913473,23.1962767876449,23.2287049209717
0.5,22.9671652982794,23.0058573663845,23.0436668673973,23.080657974803,23.1168925570317,23.1524303184537,23.1873289247257,23.2216441144469,23.2554297988756,23.2887381512647,23.3216196871972
0.502,23.0561561677666,23.0953323386217,23.1336196948901,23.1710833167543,23.2077859623172,23.2437882090114,23.2791485792619,23.3139236523839,23.3481681644845,23.3819350979388,23.4152757618399
0.504,23.1458379431206,23.1855043817474,23.224275681376,23.2622178388251,23.2993945117497,23.3358671604645,23.371695173925,23.4069359818681,23.441645154897,23.475876494101,23.5096821116192
0.506,23.2362187184893,23.2763816929561,23.3156431263552,23.3540699422419,23.3917267078654,23.4286757764076,23.4649774132833,23.5006899085227,23.5358696770419,23.5705713484053,23.6048478475042
0.508,23.3273067146843,23.3679725981677,23.4077304601041,23.4466481610507,23.4847911880594,23.5222227973326,23.5590041408417,23.5951943789531,23.6308507808835,23.6660288146061,23.7007822276443
0.51,23.4191102816733,23.4602855545696,23.500546246268,23.5399611647603,23.5785967272797,23.6165171033726,23.6537843418371,23.6904584835923,23.7265976623186,23.7622581945075,23.7974946603718
0.512,23.5116379011321,23.5533291532202,23.5940991845157,23.634017761049,23.6731522407847,23.7115677171115,23.7493271461004,23.7864914596164,23.8231196661451,23.8592689409856,23.8949947072776
0.514,23.6048981890565,23.6471121217142,23.6883981132583,23.7288268985352,23.7684667869678,23.8073838064626,23.8456418309882,23.8833026939299,23.9204262891017,23.9570706610831,23.9932920863629
0.516,23.6988998984369,23.7416433269113,23.7834520124321,23.8243976696164,23.8645495702507,23.903974687616,23.9427378243859,23.9809017262246,24.0185271829835,24.0556731191816,24.0923966752675
0.518,23.7936519219971,23.8369317777311,23.8792700063497,23.9207393133753,23.9614099440458,24.001349828058,24.0406247077841,24.0792982521133,24.1174321578325,24.155086240251,24.1923185145793
0.52,23.8891632949983,23.9329866280152,23.9758613666194,24.0178612185574,24.0590574137923,24.0995188496651,24.1393122194305,24.1785021263404,24.2171511852086,24.2553201131799,24.2930678112251
0.522,23.9854431981115,24.0298171794584,24.0732355151363,24.1157729266212,24.157501640065,24.198491531873,24.2388102575597,24.2785233660724,24.3176944015408,24.3563849941886,24.3946549419461
0.524,24.082500960359,24.1274328846115,24.1714020271455,24.2144841348631,24.2567524417608,24.2982778149244,24.3391288837022,24.3793721542695,24.4190721115617,24.4582913103279,24.4970904568613
0.526,24.180346062128,24.2258433499572,24.2703706343813,24.3140046996188,24.3568197993636,24.398887803197,24.4402783260767,24.4810588431421,24.5212947918288,24.5610496630653,24.6003850831197
0.528,24.2789881382573,24.325058339062,24.3701512282831,24.4143446395439,24.4577138582897,24.5003317686143,24.5422689830664,24.5835939576925,24.6243730943333,24.6646708319615,24.7045497286455
0.53,24.3784369812001,24.4250877758049,24.470753863291,24.5155141389769,24.5594449323165,24.6026201541419,24.6451114267826,24.6869881993475,24.7283178502007,24.7691657784401,24.8095954859778
0.532,24.4787025442648,24.5259417476867,24.5721887602235,24.617523551384,24.6620235070979,24.7057635773708,24.7488164067178,24.791252449681,24.8331400734847,24.8745456496536,24.9155336362089
0.534,24.5797949449355,24.627630509221,24.6744663097385,24.7203834028924,24.7654602437666,24.8097728341919,24.8533948534914,24.896397774232,24.9388509650578,24.9808217824469,25.0223756530228
0.536,24.6817244682756,24.7301644854101,24.777597075882,24.82410439591,24.869765982628,24.914658902563,24.9588578826907,25.0024354264198,25.0454619166016,25.0880057074241,25.1301332068385
0.538,24.784501570416,24.8335542753077,24.8815917997256,24.9286974128387,24.9749517469476,25.0204329463711,25.0652167988091,25.109376851559,25.1529845146989,25.1961091531186,25.2388181690593
0.54,24.8881368821308,24.9378106556716,24.9864614030954,25.0341735198799,25.0810287468348,25.1271063193941,25.1724830992862,25.2172336909781,25.2614305450322,25.3051440502716,25.3484426164332
0.542,24.9926412125027,25.0429445847079,25.092216992396,25.1405439709382,25.188008383225,25.2346905693634,25.2806684786503,25.3260177862437,25.3708119966899,25.4151225362223,25.4590188355265
0.544,25.0980255526815,25.1489672059112,25.1988698625319,25.2478202116239,25.2959022519652,25.3431974421315,25.38978483277,25.4357411834954,25.4811410665854,25.5260569594117,25.5705593273151
0.546,25.2043010797378,25.2558898520017,25.3064315009287,25.3560138833588,25.404722148004,25.452638885947,25.4998442632139,25.546416137892,25.5924301639912,25.6379598840052,25.6830768118959
0.548,25.3114791606145,25.3637240489636,25.4149135916578,25.4651368275878,25.5144800696898,25.5630270558406,25.6108590817255,25.6580551181753,25.7046919151919,25.7508440946365,25.7965842333231
0.55,25.41957135618,25.4724815201871,25.5243280196676,25.5752010900992,25.6251882231817,25.6743743181259,25.7228418148144,25.7706708113534,25.8179391682602,25.8647226012773,25.9110947645726
0.552,25.5285894253854,25.5821741907171,25.6346868751244,25.6862189254575,25.736859026974,25.7866932550178,25.8358052084686,25.8842761275066,25.9321849979588,25.9796086442361,26.0266218126392
0.554,25.6385453295285,25.6928141916124,25.7460024578658,25.7982028015524,25.8495051165413,25.8999966693723,25.9497622329909,25.9988842047224,26.0474427107734,26.0955156992906,26.1431790237697
0.556,25.7494512366296,25.8044138644179,25.8582872819707,25.9111654042662,25.9631393491036,26.0142975895515,26.0647260879638,26.1145084141602,26.1637258500795,26.2124574829574,26.2607802888371
0.558,25.8613195259197,25.9169857657542,25.9715540804495,26.025119642265,26.0777748085196,26.1296092744184,26.1807102073469,26.2311623652526,26.281048201448,26.3304479579038,26.37943974886
0.56,25.9741627924474,26.0305426720272,26.0858158100576,26.1400786519165,26.1934248103081,26.245945218464,26.2977282647098,26.3488599110456,26.3994237980939,26.4495013385062,26.4991718006717
0.562,26.087993851806,26.1450975842625,26.2010856562364,26.2560558023381,26.3101029068052,26.3633191570722,26.4157941786069,26.4676151536834,26.5188669264729,26.5696320965591,26.6199911027442
0.564,26.2028257449853,26.2606637330674,26.3173770381859,26.3730647005805,26.4278228924578,26.4817450719265,26.5349221180964,26.5874424500417,26.6393921320291,26.6908549671403,26.7419125811716
0.566,26.3186717433529,26.3772545837251,26.4347036140728,26.4911191969495,26.5465988092616,26.6012371965622,26.6551265084094,26.7083564175141,26.7610142251011,26.8131849546366,26.8649514358176
0.568,26.4355453537671,26.4948838414251,26.5530792863779,26.6102333904719,26.6664449523443,26.72181002207,26.7764220367737,26.8303719399571,26.8837482869897,26.9366373389361,26.9891231466345
0.57,26.5534603238268,26.613565456634,26.6725182073884,26.7304216345092,26.7873758757021,26.8434783029548,26.8988236583963,26.9535041737985,27.0076096761923,27.0612276817912,27.1144434801556
0.572,26.6724306472625,26.7333136306112,26.7930347848384,26.8516985425231,26.9094063980915,26.966257063155,27.022346602611,27.077768554314,27.1326140348113,27.1869718333591,27.2409284961711
0.574,26.792470569473,26.8541428210737,26.9146436877031,26.9740789939998,27.0325516090835,27.0901616022275,27.1470063791963,27.2031808020786,27.2587772951395,27.3138859389247,27.3685945545893
0.576,26.9135945932115,26.9760677480157,27.0373598521509,27.0975781405359,27.156826875284,27.2152075017042,27.2728187848672,27.3297569295967,27.3861156864312,27.4419864458124,27.4974583224923
0.578,27.0358174844273,27.0991033996867,27.1611984876594,27.2222114120921,27.2822478467271,27.3414106316242,27.3997999099497,27.4575132481189,27.5146457418619,27.5712901104929,27.6275367813909
0.58,27.1591542782662,27.2232650387343,27.2861750833001,27.3479945234208,27.4088304634448,27.4687871572487,27.5279661452412,27.5864663746496,27.6443843056861,27.7018140058911,27.7588472346859
0.582,27.2836202852373,27.3485682085156,27.4123054141966,27.4749434806711,27.5365909622216,27.597353545965,27.6573341890642,27.7166332391535,27.7753485405967,27.8335755289023,27.8914073153429
0.584,27.4092310975482,27.475028739585,27.5396055481632,27.6030745881803,27.665545883538,27.7271265743833,27.7879210545203,27.8480310919658,27.9075559352952,27.9665924081233,28.0252349937874
0.586,27.5360025956176,27.6026627563613,27.6680918525289,27.7324044554541,27.7957120787095,27.8581233356362,27.9197440769489,27.9806775114144,28.0410243122782,28.100882711806,28.1603485860274
0.588,27.6639509547679,27.7314866839819,27.797781001153,27.8629500043457,27.9271067172283,27.9903612468844,28.0528209216004,28.1145904116607,28.1757718358481,28.2364648560406,28.2967667620118
0.59,27.7930926521062,27.8615172553499,27.9286899816392,27.9947284764363,28.059747294314,28.1238580570376,28.1871695915283,28.2497880507656,28.3118170203553,28.3733576131762,28.4345085542327
0.592,27.9234444735978,27.9927715183796,28.0608361027535,28.127757440628,28.1936516386797,28.2586318546971,28.3228084357096,28.3862890389893,28.4491787386799,28.5115801204869,28.5735933665786
0.594,28.0550235213409,28.1252668434483,28.1942370020544,28.2620548009521,28.3288379205219,28.3947010763273,28.4597561574,28.5241123473329,28.5878762309614,28.6511518890925,28.7140409834492
0.596,28.1878472210461,28.2590209310602,28.328910653741,28.397638804603,28.4653246597404,28.5320845146641,28.5980318227328,28.6632773163288,28.7279291135841,28.7920928131416,28.855871579139
0.598,28.3219333297307,28.3940518197295,28.4648753767271,28.5345280502041,28.6031307343975,28.6708013273683,28.7376548695685,28.8038036650899,28.8693573884274,28.934423179266,28.9991057274999
0.6,28.4572999436326,28.5303778940913,28.6021498429488,28.6727414963132,28.7422753894232,28.8108710459329,28.8786451166056,28.9457115006256,29.0121814523906,29.0781636763177,29.1437644118929
0.602,28.5939655063527,28.6680178932461,28.7407530859127,28.8122984701769,28.8827782455756,28.9523135848514,29.0210227727596,29.0890213274343,29.1564221072011,29.2233354053953,29.2898690354373
0.604,28.7319488172322,28.8069909193478,28.8807045094954,28.9532186767403,29.0246593086652,29.0951492510578,29.1648084468208,29.2337540573814,29.3021005695159,29.3699598901733,29.4374414315708
0.606,28.8712690399741,28.9473164464416,29.0220238969988,29.0955222079238,29.1679389790523,29.2393987536474,29.3100231574004,29.3799310198738,29.4492384813277,29.5180590875422,29.5865038749278
0.608,29.0119457115166,29.0890143295619,29.1647314204743,29.2392295521732,29.3126380614262,29.3850832138868,29.4566883431747,29.5275739723402,29.5978579206845,29.6676553985719,29.7370790925513
0.61,29.1539987511663,29.2321048140985,29.3088476503222,29.384361604295,29.4587777748774,29.5322241755254,29.6048258734376,29.676705111029,29.7479814127356,29.81877167981,29.8891902754464
0.612,29.2974484700015,29.37660854544,29.4543935651771,29.5309396755845,29.6063797632713,29.6808436154174,29.7544580589736,29.827347082134,29.8996319411152,29.9714312549255,30.0428610904904
0.614,29.4423155805545,29.5225465789047,29.6013905620893,29.67898550426,29.7554661059365,29.8309639544655,29.9056076632606,29.9795229932611,30.0528329596743,30.1256579267128,30.1981156927118
0.616,29.5886212067816,29.669940389969,29.7498604670119,29.8285212662104,29.9060593286755,29.9826080688986,30.0582979140168,30.133256425246,30.2076084045759,30.2814759894659,30.3549787379501
0.618,29.7363868943325,29.8188118848032,29.8998255456055,29.9795695860705,30.0581824151127,30.1357993018943,30.2125525151014,30.2885714443382,30.3639827067643,30.4389102417398,30.5134753959131
0.62,29.8856346211282,29.9691834111258,30.0513085143703,30.1321535486333,30.2118588183894,30.2905614755599,30.3683956587844,30.4454926147627,30.5219808048233,30.5979859995097,30.6736313636428
0.622,30.0363868082593,30.1210777693881,30.2043325521191,30.2862967106127,30.3671124732191,30.4469189032831,30.5258520383963,30.6040450116731,30.6816281582382,30.7587291097452,30.8354728794085
0.624,30.1886663312153,30.2745182243001,30.3589213118009,30.4420231127686,30.5239678083161,30.6048964024674,30.6849468613743,30.7642542345121,30.8429507610742,30.9211659644143,30.9990267370403
0.626,30.3424965314568,30.4295285167103,30.5150989326911,30.5993572924081,30.6824497592112,30.7645193076658,30.8457058627173,30.9261464207925,31.0059751560892,31.0853235149315,31.1643203007202
0.628,30.4979012283444,30.5861328758523,30.6728900529574,30.7583242962754,30.8425837814681,30.9258134841266,31.0081553188656,31.0897482603155,31.1707284492948,31.2512292870688,31.3313815202494
0.63,30.6549047314339,30.7443560319707,30.8323198226197,30.9189496938459,31.0043958643155,31.0888053417676,31.1723220620211,31.2550870098418,31.3372383249847,31.4189113963462,31.5002389468067
0.632,30.8135318531549,30.9042232293419,30.993413916914,31.0812595910381,31.1679125447101,31.2535218495941,31.3382334949247,31.4221905082329,31.5055330612452,31.5883985639185,31.6709217492199
0.634,30.9738079218836,31.0657602397016,31.1561985500782,31.2452806443601,31.3331609218468,31.4199905505769,31.505917606107,31.5910871920804,31.6756415459685,31.7597201329796,31.8434597307668
0.636,31.1357587954261,31.2289933760961,31.320700489574,31.4110400755053,31.5001686721324,31.5882395770082,31.6754029856312,31.7618061118408,31.8475932933869,31.9329060857016,32.0178833465291
0.638,31.2994108749267,31.3939495071727,31.4869470707621,31.5785656864151,31.6689640646405,31.7582976663528,31.846718841346,31.9343769484963,32.021418461147,32.1079870607312,32.194223721317
0.64,31.4647911192166,31.5606560719241,31.6549662120455,31.7478858748262,31.839575977065,31.9301941776139,32.0198950156684,32.1088300307609,32.1971478679459,32.2849943712631,32.3725126681902
0.642,31.6319270596201,31.7291410949059,31.8247864305017,31.9190296503197,32.0120339121926,32.1039591082326,32.1949620029164,32.2851963528526,32.374813011751,32.4639600237151,32.5527827075953
0.644,31.8008468152346,31.8994332019433,31.996436858019,32.0920266508922,32.1863680149124,32.2796231115413,32.371950967213,32.4635075928542,32.5544460886245,32.6449167370251,32.7350670871463
0.646,31.9715791087029,32.0715616363459,32.1699472579583,32.2669071600685,32.3626090897838,32.457217514794,32.5508937609832,32.6437961316854,32.7360800121781,32.8278979625976,32.9193998020716
0.648,32.1441532824956,32.2455562756505,32.3453480423595,32.4437021245758,32.5407886191849,32.6367743377928,32.7318229440675,32.8260950727092,32.9197484336819,33.0129379049233,33.1058156163552
0.65,32.3185993157243,32.4214476489114,32.5226702897135,32.6224431726026,32.7209387820628,32.8183263121373,32.9147718034757,33.0104382619988,33.1054857628526,33.2000715428992,33.2943500845989
0.652,32.4949478415041,32.5992669545592,32.7019457633215,32.8031626326633,32.9030924733099,33.0019069011182,33.0997743738058,33.1968603092906,33.293327189349,33.3893346518768,33.4850395746351
0.654,32.6732301648876,32.7790460788503,32.8832069302647,32.9858935530937,33.0872833237905,33.1875503202824,33.2868654583558,33.38539660965,33.4833087050027,33.5807638264681,33.6779212909192
0.656,32.8534782813931,32.9608176149303,33.0664869810081,33.1706697222002,33.2735457210433,33.3752915586953,33.4760806509537,33.5760833658792,33.6754671268131,33.7743965041391,33.8730332987352
0.658,33.0357248961477,33.1446148825345,33.2518198496627,33.3575256890911,33.4619148306864,33.5651664009289,33.6674563585361,33.7689576116962,33.8698401207379,33.9702709896239,34.0704145492453
0.66,33.2200034436724,33.3304719483506,33.4392402349333,33.546496785214,33.6524266185536,33.757211449803,33.8610298245055,33.9640572357172,34.0664662263114,34.1684264801916,34.2701049054196
0.662,33.4063481083317,33.5184236470713,33.6287836217778,33.7376191466299,33.84511787359,33.951464149912,34.0568391528964,34.1614210062736,34.265384882125,34.3689030918021,34.4721451688822
0.664,33.5947938454755,33.7085056031613,33.820486303807,33.9309297370526,34.0400262315384,34.1479628119676,34.2549233333845,34.3610885970985,34.4666364522029,34.5717418861865,34.6765771077105
0.666,33.7853764033005,33.9007542533699,34.0143854064547,34.1264663716834,34.2371901994485,34.3467466379907,34.4553222671729,34.5631006139193,34.670262253314,34.7769848988915,34.8834434852288
0.668,33.9781323454592,34.0952068700175,34.2105189109488,34.3242677418754,34.4366491810421,34.547855747389,34.6580767937917,34.7674986219919,34.8763045832546,34.9846751683272,35.092788089837
0.67,34.1730990744471,34.2919015850879,34.4089256791162,34.524373440659,34.6384435029691,34.7513312039535,34.8632287188483,34.9743251746168,35.0848067501463,35.1948567658604,35.3046557659187
0.672,34.3703148557998,34.4908774151594,34.6096454790557,34.7268239891655,34.8426144419926,34.9572150438155,35.0708208427685,35.1836238426795,35.2958131027884,35.4075748269989,35.5190924458742
0.674,34.5698188431324,34.6921742872077,34.8127190117136,34.9316608639854,35.049204253139,35.165550304402,35.2808969905693,35.3954392452551,35.5093690621123,35.6228755837116,35.7361451833264
0.676,34.7716511040546,34.8958330653181,35.0181879384003,35.1389265254993,35.2582561988559,35.3763810544319,35.4935020427083,35.6098170813255,35.7255211537831,35.8408063979334,35.95586218755
0.678,34.9758526470007,35.101895578343,35.2260949092873,35.3486644472245,35.469814579219,35.5897524249969,35.7086819670532,35.8268041626545,35.9443170419979,36.0614157963066,36.1782928591779
0.68,35.1824654490079,35.3104046485452,35.4364835929234,35.5609191462163,35.683924763232,35.8057106417733,35.9264838520212,36.046448447871,36.1658055645323,36.2847535062122,36.4034878272381
0.682,35.3915324844869,35.5214041212676,35.6493987068161,35.7757362145721,35.9006332212664,36.0243030584134,36.146955940937,36.2687990778134,36.3900367690903,36.5108704931458,36.6314989875825
0.684,35.6030977550217,35.7349388956728,35.8648860491203,35.993162352083,36.1199875586899,36.2455781911655,36.3701476676634,36.4939064121881,36.6170619510121,36.7398189994994,36.8623795427658
0.686,35.8172063202465,35.9510549565968,36.0829925314836,36.213245400083,36.3420365507346,36.4695857547778,36.5961096935586,36.7218220676008,36.8469336924025,36.9716525848094,37.0961840434414
0.688,36.0339043298413,36.1697994075665,36.303766213096,36.4360343765464,36.5668301786581,36.696376699741,36.8248939458186,36.9525989570213,37.0797059027395,37.2064261675369,37.3329684313399
0.69,36.2532390566969,36.3912205050282,36.5272563359978,36.6615795124893,36.7944196672547,36.9260032509273,37.0565536572665,37.1862913307436,37.3154338610317,37.4441960684478,37.572790083903
0.692,36.4752589312973,36.6153676938415,36.7535133616979,36.889932289729,37.0248575237749,37.1585189476898,37.2911434076512,37.4229548189092,37.5541742595919,37.6850200556656,37.8157078606464
0.694,36.7000135773731,36.8422916440919,36.9825890091622,37.1211454800648,37.258197578316,37.3939786854839,37.5287191665243,37.6626464756634,37.7959852495001,37.9289573914724,38.0617821513316
0.696,36.9275538488807,37.0720442892803,37.2145362942294,37.3552731859387,37.4944950257489,37.6324387590817,37.7693383377647,37.9054248250182,38.0409264878336,38.1760688809371,38.3110749260277
0.698,37.1579318683657,37.3046788659506,37.4494095705203,37.5923708826453,37.7338064692492,37.8739569074479,38.0130598058261,38.1513499084984,38.2890591867434,38.4264169224558,38.563649787152
0.7,37.3912010667701,37.5402499548171,37.6872645719042,37.8324954621583,37.9761899655056,38.1185923603551,38.259943983786,38.4004833346539,38.5404461644616,38.6800655602912,38.8195720235807
0.702,37.6274162247481,37.7788135234601,37.9281584565943,38.0757052786457,38.2217050716808,38.3664058868157,38.5100528632768,38.6528883305226,38.7951518983309,38.9370805392049,39.0789086669258
0.704,37.8666335155582,38.0204269706594,38.172149852943,38.3220601957528,38.4704128942047,38.617459845414,38.7634500663882,38.9086297951351,39.0532425799485,39.1975293612809,39.3417285500809
0.706,38.1089105496,38.2651491724389,38.4192989070174,38.5716216357301,38.7223761394845,38.871818236627,39.0202008996299,39.1677743551557,39.3147861725233,39.4614813450421,39.608102368143
0.708,38.3543064206724,38.5130405299005,38.6696673320322,38.8244526304938,38.9776591666188,39.1295467572243,39.2803724100523,39.4303904227607,39.5798524705527,39.7290076869693,39.8781027418233
0.71,38.6028817540292,38.7641630189286,38.9233184597292,39.0806178747063,39.2363280422106,39.3907128568462,39.5440334436256,39.6965482558581,39.8485131619273,40.000181525538,40.1518042834672
0.712,38.8546987563157,39.0185802418516,39.1803172937901,39.3401837809705,39.4984505973757,39.6553857968612,39.8112547059844,39.9663200207623,40.1208418925799,40.2750780078927,40.4292836658084
0.714,39.1098212674715,39.2763574811503,39.4407305653794,39.6032185372385,39.7640964870502,39.9236367116104,40.0821088256508,40.2397798574386,40.396914333802,40.5537743592876,40.7106196935919
0.716,39.3683148146913,39.5375617553083,39.7046267909155,39.8697921665367,40.0333372517072,40.1955386721542,40.3566704198538,40.5170039474444,40.6768082523564,40.8363499554276,40.9958933782042
0.718,39.6302466685391,39.802261876906,39.9720763321766,40.1399765891192,40.3062463815954,40.4711667526396,40.6350161630711,40.7980705846946,40.9606035835224,41.1228863978525,41.2851880154618
0.72,39.8956859013168,40.0705285130623,40.2431514588508,40.4138456871639,40.5828993836226,40.7505980994153,40.9172248584252,41.0830602491923,41.2483825072182,41.4134675925142,41.5785892667124
0.722,40.1647034477935,40.3424342483368,40.5179264136478,40.6914753721343,40.8633738510117,41.0339120030293,41.2033775120737,41.3720556838684,41.5402295273522,41.7081798317069,41.8761852434165
0.724,40.4373721684083,40.6180536502096,40.7964774800958,40.9729436549358,41.1477495358629,41.3211899732479,41.4935574107411,41.6651419746859,41.8362315545644,42.0071118795173,42.1780665953834
0.726,40.7137669150637,40.8974633372627,41.0788830531529,41.2583307190033,41.4361084247664,41.6125158172476,41.787850202548,41.9624066341704,42.1364779925283,42.3103550609726,42.4843266028493
0.728,40.9939645996355,41.1807420501943,41.3652237127705,41.5477189964621,41.7285348176146,41.9079757211354,42.0863439813021,42.2639396885401,42.441060827993,42.6180033550756,42.7950612725909
0.73,41.2780442653305,41.4679707258039,41.6555823005542,41.8411932475171,42.0251154097747,42.2076583349666,42.389129374427,42.5698337686168,42.7500747247558,42.9301534919244,43.1103694382858
0.732,41.5660871610304,41.7592325740943,41.9500439996749,42.1388406432273,42.3259393777878,42.5116548614325,42.6962996347101,42.8801842047115,43.0636171217682,43.2469050541287,43.4303528653376
0.734,41.8581768187706,42.0546131586452,42.2486964181923,42.4407508518389,42.6310984687744,42.8200591484087,43.0079507360679,43.1950891256879,43.3817883355865,43.5683605827451,43.7551163604007
0.736,42.154399134507,42.3542004804211,42.5516296759615,42.7470161288537,42.9406870937337,43.1329677855579,43.3241814735329,43.5146495624208,43.7046916673964,43.8946256879694,44.0847678858519
0.738,42.454842452336,42.6580850651852,42.8589364953046,43.0577314110253,43.2548024249356,43.4504802051979,43.6450935676826,43.8389695558785,44.0324335148487,44.2258091648354,44.419418679471
0.74,42.7595976523414,42.9663600547041,43.1707122956383,43.3729944144818,43.573544497618,43.7726987876555,43.9707917737413,44.1681562700707,44.3651234889618,44.5620231141882,44.7591833796108
0.742,43.0687582422505,43.279121301933,43.4870552922608,43.6929057371905,43.8970163162105,44.0997289713406,44.3013839956012,44.5023201101224,44.7028745363608,44.9033830692126,45.1041801561495
0.744,43.3824204530947,43.5964674703886,43.8080665995121,44.0175689659885,44.2253239653242,44.4316793677894,44.6369814050231,44.8415748457438,45.0458030671392,45.2500081278183,45.4545308475431
0.746,43.7006833390802,43.9185001379245,44.1338503385367,44.3470907884194,44.5585767257571,44.7686618819411,44.9776985662937,45.1860377403885,45.3940290886477,45.6020210912,45.810361104309
0.748,44.0236488818856,44.2453239051392,44.4645137498885,44.6815811096289,44.8968871957813,45.1107918379258,45.3236535666331,45.5358296864072,45.7476763455324,45.9595486089105,46.171800539297
0.75,44.3514220996176,44.5770465086586,44.8001673112339,45.0211531745897,45.2403714179967,45.4581881106631,45.6749681526638,45.8910753465244,46.1068724663664,46.3227213308077,46.5389828851258
0.752,44.6841111606697,44.9137789395529,45.1409248604264,45.3659236959396,45.5891490120496,45.8109732635855,46.0317678732732,46.2519033019852,46.4717491172399,46.6916740662579,46.9120461591847
0.754,45.0218275027427,45.2556355671586,45.4869037242376,45.7160129877372,45.9433433135351,46.1692736928213,46.3941822292216,46.6184462077436,46.8424421626961,47.0665459510033,47.2911328366314
0.756,45.3646859573023,45.6027342685979,45.838224853053,46.071545105457,46.3030815194239,46.5332197781955,46.7623448298697,46.9908409550838,47.2190918344274,47.4474806221275,47.6763900318373
0.758,45.712804879766,45.9551965643027,46.1950129618561,46.432647992565,46.6684948403721,46.9029460414246,47.1363935574248,47.3692288420953,47.6018429081708,47.8346264015805,48.06796968877
0.76,46.0663062857286,46.3131477598709,46.5573966778468,46.7994536340406,47.0397186602966,47.2785913119117,47.5164707391295,47.7537557524457,47.9908448892725,48.2281364887579,48.4660287808276
0.762,46.4253159935567,46.6767170946019,46.9255086950604,47.1720982172303,47.4168927036268,47.6602989005684,47.9027233278448,48.1445723429286,48.3862522074204,48.6281691626568,48.8707295206782
0.764,46.7899637737021,47.046037897083,47.2994859363783,47.5507223004447,47.8001612106626,48.0482167821226,48.2953030915083,48.5418342402914,48.788224421077,49.0348879941708,49.2822395806934
0.766,47.160383505105,47.4212477482183,47.6794697233453,47.9354709897395,48.1896731215047,48.442497786399,48.6943668119822,48.9457022478837,49.1969264321834,49.448462069122,49.7007323246062
0.768,47.5367133390849,47.8024886521203,48.065605954237,48.3264941243446,48.5855822690472,48.8432997990907,49.1000764938363,49.3563425627038,49.6125287117384,49.8690662226682,50.1263870510641
0.77,47.9190958711401,48.189907215309,48.4580452908474,48.7239464712418,48.9880475815598,49.2507859725775,49.5125995836517,49.7739270034569,50.0352075369037,50.2968812857692,50.5593892497974
0.772,48.3076783211031,48.5836548346947,48.8569433544999,49.1279879294198,49.397233295419,49.6651249473816,49.9321092004692,50.1986332502839,50.4651452403259,50.73209434444,50.9999308711711
0.774,48.7026127221327,48.9838878948496,49.2624609318173,49.5387837443742,49.8133091785865,50.0864910848915,50.3587843780458,50.6306450968633,50.9025304724172,51.1748990125745,51.4482106099439
0.776,49.1040561190501,49.3907679751096,49.674764190822,49.9565047334569,50.2364507654739,50.5150647120306,50.7928103196365,51.0701527156369,51.3475584773883,51.6254957191738,51.9044342041153
0.778,49.5121707765641,49.8044620670814,50.0940249079776,50.3813275227193,50.6668396038776,50.95103237859,51.2343786660577,51.5173529369648,51.8004313838799,52.0840920108751,52.3688147498043
0.78,49.927124397965,50.2251428031704,50.5204207068218,50.813434795941,51.1046635147106,51.3945871279978,51.6836877778511,51.9724495430687,52.2613585111032,52.5509028707391,52.8415730331743
0.782,50.3490903549057,50.6529886967863,50.9541353088892,51.2530155565802,51.5501168653148,51.8459287823505,52.1409430324204,52.4356535776878,52.7305566914637,53.0261510543277,53.3229378804877
0.784,50.7782479289326,51.0881843949296,51.3953587976671,51.7002654034357,52.0034008571887,52.3052642425916,52.6063571370735,52.9071836724344,53.2082506107124,53.5100674441724,53.8131465274592
0.786,51.2147825654724,51.5309209439075,51.8442878963819,52.1553868208647,52.4647238290237,52.772807804782,53.0801504589761,53.3872663909099,53.6946731667454,54.0028914238206,54.3124450091578
0.788,51.6588861410313,51.9813960689853,52.3011262604685,52.618589484462,52.9343015760102,53.2487814934819,53.5625513730898,53.8761365917199,54.1900658482564,54.5048712727325,54.8210885718056
0.79,52.1107572444146,52.4398144688312,52.7660847856365,53.0900905831684,53.4123576864408,53.7334154133307,54.0537966292493,54.3740378116092,54.6946791345349,55.0162645833976,55.339342107921
0.792,52.5706014728339,52.9063881256772,53.2393819325121,53.5701151588503,53.8991238967122,54.2269481199954,54.5541317396188,54.881222670031,55.2087729178013,55.5373387021421,55.8674806163645
0.794,53.038631743828,53.3813366321822,53.7212440689059,54.0588964644636,54.3948404659132,54.7296270117453,55.0638113878597,55.3979532965611,55.7326169495748,56.068371195213,56.4057896889667
0.796,53.5150686239933,53.8648875360571,54.211905830833,54.5566763420009,54.8997565712677,55.2417087430013,55.5830998614424,55.9245017826788,56.2664913126845,56.6096503418466,56.9545660255475
0.798,54.0001406755885,54.357276703588,54.7116105034949,55.0637056215092,55.4141307258027,55.7634596613142,56.1122715086432,56.4611506595476,56.81068692066,57.161475656161,57.5141179792771
0.8,54.4940848221593,54.8587487032774,55.2206104235233,55.5802445425591,55.9382312197104,56.2951562693333,56.6516112218885,57.0081934035603,57.3655060463718,57.7247166424013,58.0912569423799
0.802,54.9971467344108,55.3695572109146,55.7391674038835,56.1065631996566,56.472336586989,56.8370857134508,57.2014149492328,57.5659349715495,57.9343058855018,58.3106731562688,58.6957838329458
0.804,55.5095812376488,55.8899654374853,56.2675531829391,56.6429420131958,57.0167360990667,57.3895463009348,57.7628604615731,58.1419982311615,58.5287602173701,58.9239132756719,59.3278908701762
0.806,56.0316527422096,56.4202465814361,56.8060498992985,57.1896722276809,57.5717302872477,57.9563231485728,58.3473273223718,58.7454029025118,59.1511749532752,59.5652413868233,59.9881802951268
0.808,56.5636356984056,56.9606843069277,57.3549505941848,57.7479236338156,58.1457615655931,58.5491838274167,58.9591438081675,59.3763218649154,59.8013504466956,60.2347112541917,60.6769727464477
0.81,57.1058150776312,57.511573249835,57.9176025015365,58.329062378454,58.7468360870652,59.1696478333262,59.5990652354985,60.0356980462003,60.4801318091022,60.9329351417727,61.3946664116956
0.812,57.6588313577281,58.07915340538,58.5056757479906,58.9373567483352,59.3754709953097,59.8178530803108,60.2669821565823,60.723378809932,61.1875852177358,61.6601598574759,62.1416553028377
0.814,58.2325326602288,58.6733696984081,59.1214096770743,59.5737183087929,60.0323401949138,60.4947640113221,60.9638787047702,61.4402527088874,61.9244408558867,62.4169909836792,62.918449889172
0.816,58.8336476505342,59.2954324820295,59.7648693273374,60.2380079962159,60.7174009677263,61.2001674544792,61.6896159850045,62.1862995245053,62.6907623104011,63.20354610811,63.7251957966765
0.818,59.4622277941701,59.9452593716058,60.4365652414241,60.9310550790066,61.4317257117064,61.9351300071872,62.445199704631,62.9624711743161,63.4874775260906,64.0207544645538,64.5628454577094
0.82,60.1187394076195,60.6236075669895,61.1371365399378,61.653073042336,62.1750686371438,62.6994813565223,63.2305188122727,63.7686964182027,64.3145387014729,64.8685777487857,65.4313579415956
0.822,60.8039749172048,61.3308428286463,61.8667259388286,62.4047060396516,62.9486012793977,63.4943271694852,64.0465808184713,64.6058760191562,65.1727333232837,65.7476850739381,66.3312797328902
0.824,61.5178821928799,62.0674212769829,62.6261972490598,63.186227744666,63.7521697635614,64.3196124961613,64.8934756415038,65.4742641211465,66.0624948155752,66.6587011397725,67.2634369088175
0.826,62.2616049337458,62.8338962641232,63.4156849646344,63.9984383758162,64.5867068935677,65.1760655453323,65.771700786767,66.374244061513,66.984127619073,67.6018441474455,68.2279551813511
0.828,63.0349497363202,63.6307581687791,64.2359107071207,64.841430370946,65.4525246824336,66.0642856080206,66.6821553486076,67.3066311819058,67.9382317688225,68.577651890486,69.2253674134106
0.83,63.8390968423121,64.4583729609437,65.0873784004552,65.7161593883015,66.3500120100949,66.9845332197607,67.624963357098,68.2717988546516,68.9255623878777,69.5868060248775,70.2562166652096
0.832,64.6740377737747,65.3176514946083,65.970391743678,66.6229083652122,67.2800797019048,67.937419691536,68.6006975460523,69.2701844133649,69.9463758184887,70.6298347601142,71.3211597744715
0.834,65.5405848636252,66.2087212554736,66.8858920173074,67.5621478657885,68.2430354722445,68.9237942783456,69.609973535339,70.302367022268,71.0012459748065,71.7071555554771,72.4207113421814
0.836,66.4393545018035,67.1322903459349,67.8342119440924,68.5346186122086,69.2393922432066,69.9439135697605,70.6535613334862,71.3689374566091,72.0907581625943,72.8193481339127,73.5553424168943
0.838,67.370687212094,68.0891881933367,68.8158673298656,69.5409843450767,70.2697675211967,70.9983898588508,71.731811763642,72.4705553785026,73.2155093796661,73.9670036952279,74.7256383080101
0.84,68.3352867990961,69.0797134823837,69.8314969930692,70.5816543115292,71.3348112354125,72.0878481275391,72.8453441549636,73.6078153914019,74.3761086261072,75.1507252207239,75.9321958954131
0.842,69.3340230105073,70.1045219976214,70.8818799813703,71.6572760064,72.4352844445044,73.2129263861356,73.9947906031944,74.7812533561402,75.5731772246529,76.3711277878364,77.1756239388521
0.844,70.3672481239718,71.1642839061607,71.9676090365386,72.7685108057851,73.5716512510633,74.3742760239756,75.1807963135623,75.9915081837298,76.8073491516201,77.6288388951707,78.4565433975767
0.846,71.4356506994413,72.2596841519525,73.089255003036,73.9160343446907,74.7445815102309,75.5725621715848,76.4040199549706,77.2392319856371,78.0792713788015,78.9244987983386,79.7755877606317
0.848,72.5399347655297,73.3914761208887,74.2475124366162,75.1005369071365,75.954759443511,76.808464074821,77.6651340259195,78.5251301422326,79.3896042267533,80.2587608570206,81.1335343257273
0.85,73.6808202504957,74.5603046686415,75.4430912016035,76.3227238291977,77.2028840328569,78.0826754814586,78.9648252326181,79.8499993158284,80.7390217299245,81.6322918937005,82.5310663303294
0.852,74.85904342761,75.7668558648894,76.67671689568,77.5833159154921,78.4896694279105,79.3959050407034,80.3037948797662,81.2144394679529,82.1282120140994,83.0459803722736,83.9687642939414
0.854,76.0753573754708,77.0119077659684,77.9491312889074,78.8830498696371,79.8159783141306,80.7488767161503,81.6828901444118,82.6191609385211,83.5578776866419,84.5004892778115,85.4473169855724
0.856,77.3305324538514,78.2963203273069,79.2610927775447,80.2226787392296,81.1825659065959,82.1423302127135,83.1029356039503,84.0648892395613,85.0291310505439,85.9964178461545,86.9675911901528
0.858,78.625356795694,79.6208149862403,80.6135455375418,81.6029723759238,82.5901209935964,83.5771198008281,84.5645236187994,85.5525298456292,86.5424030317283,87.5345546732294,88.5305187896978
0.86,79.9606368158897,80.9861923227739,82.0072822283708,83.0248275751052,84.0394247535313,85.0542761632546,86.0684199958027,87.0830370076677,88.0984189397378,89.1161007968631,90.1365243923252
0.862,81.3371977375136,82.3932713612281,83.4430191842644,84.4892800880483,85.5314071029185,86.5743052104667,87.6158604306529,88.6568950040849,89.6985086561299,90.7413636380892,91.786856692722
0.864,82.7560349900845,83.8428955188058,84.9215883773436,85.9968880951559,87.0671827571597,88.1381754402842,89.2073766774951,90.2753420748417,91.3430296203168,92.4116434706912,93.4820382392272
0.866,84.2181855196793,85.3364363620075,86.4442659363171,87.5486469948192,88.6472350584523,89.7470732196488,90.8439601912213,91.939043242102,93.0332471069205,94.1274866479694,95.2232446755935
0.868,85.724291792728,86.8743327289078,88.0117142719023,89.145798867077,90.2729308724176,91.4014655000477,92.5266768716233,93.6490981804047,94.7697812644342,95.8901955522904,97.0110384334748
0.87,87.275520628495,88.4577547756023,89.6249301747377,90.7888279876684,91.94492313734,93.1029376069535,94.2563694291536,95.4062723040429,96.5540146087485,97.7003043360955,98.8469294301472
0.872,88.8730071558665,90.0878575118594,91.2851575149569,92.4793920056025,93.6645495356883,94.8519582083611,96.0340439772446,97.2119598836224,98.3865168514897,99.5592555745709,100.731421169055
0.874,90.5175483885463,91.7655070210742,92.9932326970807,94.217978633509,95.4324678354753,96.6498962416455,97.8610138595431,99.0668029824987,100.268573439041,101.467861625278,102.665616641059
0.876,92.2105856662266,93.491950820125,94.7503415182922,96.0060221618685,97.2503253445411,98.4978643535734,99.7380424982017,100.971968247322,102.201375984943,103.427135010309,104.650843697657
0.878,93.953064943798,95.2684154041753,96.5578290265733,97.8446816478225,99.1188840757047,100.396809935353,101.666339754366,102.928953425159,104.185833467983,105.438249871521,106.688092280379
0.88,95.7460766191932,97.0958631206732,98.4166035919892,99.7349643559522,101.039353134854,102.347988389754,103.647279646603,104.938606843269,106.223163624273,107.502412636279,108.778450125367
0.882,97.5913476965845,98.9756738271582,100.32799104042,101.678184846731,103.013035995428,104.352715156432,105.682036560782,107.002190062096,108.314618146462,109.620880785895,110.9231423813
0.884,99.4898206319313,100.909392864113,102.293421806952,103.675696083828,105.04127390369,106.412367952871,107.771806110638,109.121002443668,110.46148393897,111.794876191668,113.123428315322
0.886,101.442892698614,102.898124937657,104.314289137252,105.728933758614,107.125485693859,108.528141615491,109.917937959352,111.296380426837,112.665084430402,114.02576222358,115.380602592185
0.888,103.452033684734,104.943325889494,106.391884079178,107.839219981608,109.266977189009,110.701438989387,112.121820853844,113.529698916943,114.926780946219,116.314869297799,117.695996612672
0.89,105.5187585197,107.046495773218,108.527693618252,110.008110360229,111.467326862855,112.933892745723,114.384952853669,115.822372739467,117.247974144945,118.663584203198,120.071177215115
0.892,107.644628997701,109.209180536436,110.723345198836,112.237133572847,113.728003313145,115.226931080066,116.709020313985,118.176083018614,119.630105521381,121.073334008191,122.507611157308
0.894,109.831255580213,111.432973780075,112.980547012937,114.527840637161,116.050559003325,117.582069999167,119.09536840363,120.592374240775,122.075107244032,123.545671764024,125.006604063633
0.896,112.080299281787,113.719914038347,115.300823282714,116.881847259943,118.436593604832,120.000891574155,121.545562095618,123.072637713243,124.584246717491,126.082597618599,127.569964509475
0.898,114.393620906029,116.071436284758,117.685857202036,119.300997823568,120.888152128487,122.485578547086,124.061784634728,125.618932683016,127.159275920903,128.685217189744,130.199403501713
0.9,116.773304119039,118.489284678906,120.137864427971,121.787384046649,123.406905679614,125.037506340326,126.64538669054,128.232831134402,129.802209743515,131.355961993761,132.896581564533
0.902,119.220849499284,120.976005040077,122.65850694478,124.342494988976,125.994797126382,127.658952020807,129.298698510367,130.916461644439,132.51474585001,134.096118387119,135.663321828592
0.904,121.738875687826,123.532942605579,125.250051339154,126.968899657366,128.65383028188,130.351551520351,132.023314272037,133.671502385935,135.298759639115,136.907992035373,138.501881464935
0.906,124.329002703856,126.16303335734,127.914353394509,129.66840284739,131.386400950224,133.117918264707,134.821664654191,136.500348343651,138.156742410411,139.793667917083,141.413978336711
0.908,126.994111313266,128.868016941119,130.654165846877,132.443268069891,134.194460058808,135.96001192967,137.695964768196,139.405184087558,141.090591524239,142.755147931277,144.401837829232
0.91,129.736291726927,131.650416751373,133.471605831897,135.295984843109,137.080470958084,138.880176966796,140.648409077444,142.388195837917,144.102612300622,145.794763171219,147.467767372347
0.912,132.558114684927,134.512866632069,136.3692017546,138.22913833701,140.046991075771,141.880940609114,143.681495852543,145.45185409202,147.195248583965,148.914931861043,150.614160500957
0.914,135.46234340753,137.458103916632,139.349661872722,141.245414053962,143.09667652603,144.964927023409,146.797818715621,148.598723270605,150.371036852684,152.118163693519,153.843501163639
0.916,138.45185162809,140.488974534401,142.415801190218,144.347602788051,146.232286994153,148.134862116774,150.000116744955,151.831655375741,153.632787088989,155.407089154113,157.158368297349
0.918,141.529629102115,143.608438421711,145.570591927495,147.538605882649,149.456690916235,151.393824708119,153.29164489597,155.153607779866,156.983468267379,158.784963334451,160.561798074668
0.92,144.698849838947,146.819575258987,148.817607046245,150.821440807389,152.773245777463,154.744975967986,156.67499828247,158.567261682207,160.425698145101,162.25420782146,164.056645723377
0.922,147.963374174402,150.126127975642,152.159646149279,154.199878998284,156.185181746733,158.191261814857,160.153763906207,162.076380811591,163.963246601743,165.818447510696,167.646009468172
0.924,151.32611584153,153.531368270553,155.600794814385,157.676988707726,159.696044808924,161.736698640172,163.731128866301,165.683909781497,167.599013146715,169.480681929149,171.333191462607
0.926,154.791785283291,157.039548685582,159.144480829248,161.25720194338,163.3094674035,165.384726691798,167.411330528809,169.393881205679,171.336911059213,173.244870642058,175.122118296203
0.928,158.363956382334,160.65445680842,162.795000936753,164.944121740715,167.029702583227,169.139344380419,171.197910571297,173.21018709318,175.180923739013,177.114769218287,179.016262040553
0.93,162.04721308505,164.380629412544,166.556880999595,168.74218843044,170.861032114413,173.004895679519,175.095158813015,177.136862697996,179.134979515847,181.094359900622,183.019725308267
0.932,165.846371500383,168.222828092733,170.434706985581,172.656060430176,174.808105594625,176.985936515623,179.107573749889,181.178438268922,183.203670916798,185.188121063086,187.13680969384
0.934,169.766490834721,172.186053294701,174.43358481407,176.690627916447,178.875846152588,181.087248154866,183.240205584715,185.339978917704,187.391790955995,189.400930469837,191.372514358802
0.936,173.813027316864,176.275764300294,178.558668328655,180.851752531326,183.069300389088,185.314437643516,187.498187676675,189.626167260855,191.704069197667,193.737394195526,195.731449029134
0.938,177.992307604313,180.498125892471,182.816065070542,185.144473884183,187.394650519232,189.672727890608,191.887012245489,194.043016715505,196.14659249939,198.203480475784,200.219202540063
0.94,182.310303921636,184.859213577732,187.211830785439,189.575821452818,191.857696070056,194.168773058213,196.412736979223,198.596178655473,200.724820034562,202.80464558268,204.84139451343
0.942,186.774120661566,189.365976413663,191.753052355599,194.152059879474,196.465362090729,198.808816488614,201.082126036865,203.292334506922,205.445356309209,207.547422314647,209.604490665973
0.944,191.391441642162,194.026001535477,196.447244817215,198.880599427663,201.224989985731,203.600097046518,205.902349259273,208.138566192798,210.31520184678,212.438735630606,214.515345565588
0.946,196.170425159331,198.847342389106,201.302384236681,203.7695763213,206.144369753348,208.550589452994,210.881013927277,213.142387661293,215.341784555921,217.485933917546,219.581233851832
0.948,201.119945544901,203.839076829638,206.326943665205,208.827824929511,211.232109224316,213.668895390357,216.026309315372,218.312276300424,220.533619195977,222.697348481095,224.810109772452
0.95,206.250254031673,209.010755994086,211.531355433304,214.064762536159,216.497803172783,218.96427155165,221.348060994829,223.657212460967,225.899436433447,228.081683498676,230.211118710921
0.952,211.572044310741,214.373514477809,216.925738523655,219.490980463039,221.951970693536,224.447030072432,226.856104948913,229.187571448151,231.449492585105,233.649093436971,235.793847797671
0.954,217.097252927108,219.939302180648,222.521877008183,225.118136010918,227.606120515819,230.128551552384,232.561666499369,234.914487870398,237.194795949555,239.410448445841,241.568829222271
0.956,222.839730203289,225.720959961117,228.333400901547,230.959141183865,233.472952821164,236.021484889686,238.477593002891,240.849928688056,243.147179665304,245.37748271997,247.548462073185
0.958,228.813816547611,231.733481478777,234.374237692681,237.028334129091,239.566654437997,242.139752700026,244.617245896554,247.007787443789,249.320425885591,251.563608778709,253.745227747918
0.96,235.036507423685,237.993202932461,240.661045718317,243.342179412312,245.903137401562,248.499436694065,250.996386334106,253.403262915853,255.729473056561,257.983770647532,260.174309051115
0.962,241.52636654359,244.518778572568,247.211939102077,249.91860626204,252.500136683235,255.118029581935,257.632275625587,260.053409008739,262.391188965824,264.65466878605,266.852255600377
0.964,248.305272086075,251.331238620587,254.048128892193,256.777938138812,259.378477567006,262.015258415073,264.544994414294,266.978313669143,269.325364090665,271.595528163363,273.79749148926
0.966,255.396960088331,258.455015557588,261.192845931722,263.943754773879,266.560660232303,269.214161938331,271.756619262776,274.199476181752,276.55325968514,278.827670402244,281.031660422776
0.968,262.830124829695,265.917050926372,268.67391730022,271.442830545876,274.073812046299,276.740575617787,279.293174898895,281.742749988735,284.100240607752,286.375692458117,288.579105773317
0.97,270.636480883889,273.74978875214,276.522327315533,279.306470616137,281.947977809129,284.62519405148,287.184344152387,289.637227550037,291.995179940785,294.268700759336,296.467962930747
0.972,278.854589313725,281.990552254504,284.775267192749,287.570592667186,290.219311026322,292.903120061303,295.464785840922,297.917179945133,300.272010452642,302.539953329691,304.731018336211
0.974,287.528705449293,290.683249461034,293.476150441461,296.278827569269,298.930051870146,301.615775260412,304.175730402596,306.623273758277,308.970506411617,311.228421689552,313.407505650463
0.976,296.713073592827,299.880978615207,302.677132929424,305.481752799361,308.130654172152,310.813310530015,313.366455433231,315.80395349264,318.138313594586,320.381139716553,322.54347982376
0.978,306.472839951229,309.647946879045,312.441213420309,315.242028628154,317.882220387121,320.555492067697,323.095663817155,325.516922336408,327.833023867995,330.055143382755,332.194971555807
0.98,316.888048783949,320.062903800284,322.846315956992,325.635735730386,328.260613863435,330.916970221723,333.436821258029,335.83501125249,338.125387434552,340.320157227934,342.430819364098
0.982,328.059650342938,331.224860001036,333.990181813558,336.759362000003,339.359890125792,341.99025498463,344.481133241315,346.847803781883,349.104329579081,351.26363814856,353.337388240767
0.984,340.118506191773,343.262394851292,345.998060027165,348.73610866664,351.301708957393,353.89519642491,356.346050266616,358.67108903966,360.883718804956,362.99807202308,365.025487086237
0.986,353.236548085901,356.343725567531,359.036964922509,361.729584445975,364.246755376027,366.78938229808,369.187736668497,371.457542844771,373.614629666345,375.671860991076,377.641479474085
0.988,367.650703775685,370.701729524216,373.334396270211,375.963576362119,378.415633059186,380.890014403838,383.217834597505,385.417133788407,387.502557640383,389.487891047993,391.385385846161
0.99,383.701982802769,386.67036267138,389.2187631051,391.760756513296,394.124398323233,396.506652960009,398.74294001353,400.849987458519,402.843629116788,404.73772606462,406.544401259738
0.992,401.913849618905,404.762006541158,407.193069336589,409.614295654723,411.857568043809,414.116459389162,416.229895391521,418.215941400419,420.090305836833,421.867153266485,423.558826017657
0.994,423.168810073656,425.838740569238,428.103095839011,430.353308687814,432.430310843388,434.517506101555,436.463687348393,438.286557533928,440.002416846873,441.624109451234,443.164666220358
0.996,449.186423682708,451.581145518302,453.596027837688,455.5919605685,457.425426200211,459.263064860987,460.969909363405,462.561752076105,464.054799625894,465.461759352111,466.793644545717
0.998,484.41003608966,486.325010575552,487.917654607082,489.488868699763,490.921867573753,492.353088033728,493.673880482612,494.899485880982,496.042552510779,497.116204876311,498.127235299663
1,575.675675675676,575.675675675676,575.675675675676,575.675675675676,575.675675675676,575.675675675676,575.675675675676,575.675675675676,575.675675675676,575.675675675676,575.675675675676
